type,title,author,year,genres,rating
book,Into Thin Air,Jon Krakauer,1997,adventure|non-fiction|memoir,4.5
book,The Emerald Mile,Kevin Fedarko,2013,adventure|non-fiction|history,4.6
book,Endurance,Alfred Lansing,1959,adventure|non-fiction|history,4.7
book,The River of Doubt,Candice Millard,2005,adventure|non-fiction|history,4.4
book,Alone on the Wall,Alex Honnold,2015,adventure|non-fiction|memoir,4.3
book,The Impossible Climb,Mark Synnott,2019,adventure|non-fiction|biography,4.2
book,Conquistadors of the Useless,Lionel Terray,1963,adventure|non-fiction|memoir,4.1
book,The Wager,David Grann,2023,adventure|non-fiction|history,4.5
book,K2: Life and Death on the World's Most Dangerous Mountain,Ed Viesturs,2009,adventure|non-fiction|history,4.3
book,The Third Pole,Mark Synnott,2021,adventure|non-fiction|history,4.0
book,Touching the Void,Joe Simpson,1988,adventure|non-fiction|memoir,4.4
book,The Climb,Anatoli Boukreev,1997,adventure|non-fiction|memoir,4.2
book,Annapurna,Maurice Herzog,1952,adventure|non-fiction|memoir,4.1
book,The White Spider,Heinrich Harrer,1959,adventure|non-fiction|history,4.3
book,No Shortcuts to the Top,Ed Viesturs,2006,adventure|non-fiction|memoir,4.4
book,The Name of the Wind,Patrick Rothfuss,2007,fantasy|fiction,4.5
book,The Fellowship of the Ring,J.R.R. Tolkien,1954,fantasy|fiction,4.6
book,The Two Towers,J.R.R. Tolkien,1954,fantasy|fiction,4.6
book,The Hobbit,J.R.R. Tolkien,1937,fantasy|fiction,4.5
book,A Darker Shade of Magic,V.E. Schwab,2015,fantasy|fiction,4.2
book,The Song of Achilles,Madeline Miller,2011,fantasy|fiction|romance,4.4
book,The Way of Kings,Brandon Sanderson,2010,fantasy|fiction,4.6
book,Words of Radiance,Brandon Sanderson,2014,fantasy|fiction,4.7
book,Oathbringer,Brandon Sanderson,2017,fantasy|fiction,4.6
book,The Hero of Ages,Brandon Sanderson,2008,fantasy|fiction,4.5
book,The Final Empire,Brandon Sanderson,2006,fantasy|fiction,4.4
book,The Well of Ascension,Brandon Sanderson,2007,fantasy|fiction,4.3
book,The Lightning Thief,Rick Riordan,2005,fantasy|young adult|fiction,4.3
book,The Sea of Monsters,Rick Riordan,2006,fantasy|young adult|fiction,4.2
book,The Titan's Curse,Rick Riordan,2007,fantasy|young adult|fiction,4.2
book,The Battle of the Labyrinth,Rick Riordan,2008,fantasy|young adult|fiction,4.3
book,The Last Olympian,Rick Riordan,2009,fantasy|young adult|fiction,4.4
book,I'll Be Gone in the Dark,Michelle McNamara,2018,mystery|true crime|non-fiction,4.3
book,Killers of the Flower Moon,David Grann,2017,mystery|true crime|non-fiction,4.4
book,City on Fire,Don Winslow,2022,crime|fiction,4.2
book,The Devil's Star,Jo Nesbo,2003,mystery|crime|fiction,4.1
book,The Girl with the Dragon Tattoo,Stieg Larsson,2005,mystery|crime|fiction,4.2
book,Gone Girl,Gillian Flynn,2012,mystery|thriller|fiction,4.1
book,The Silent Patient,Alex Michaelides,2019,mystery|thriller|fiction,4.0
book,Verity,Colleen Hoover,2021,mystery|thriller|fiction,4.1
book,The Seven Husbands of Evelyn Hugo,Taylor Jenkins Reid,2017,historical fiction|romance,4.3
book,The Things We Cannot Say,Kelly Rimmer,2019,historical fiction|romance,4.2
book,The Three Body Problem,Liu Cixin,2008,science fiction|fiction,4.3
book,The Dark Forest,Liu Cixin,2008,science fiction|fiction,4.4
book,Death's End,Liu Cixin,2010,science fiction|fiction,4.5
book,Dune,Frank Herbert,1965,science fiction|fiction,4.6
book,The Martian,Andy Weir,2011,science fiction|fiction,4.4
book,Project Hail Mary,Andy Weir,2021,science fiction|fiction,4.3
book,Ready Player One,Ernest Cline,2011,science fiction|fiction,4.2
book,The Hunger Games,Suzanne Collins,2008,science fiction|young adult|fiction,4.3
book,Catching Fire,Suzanne Collins,2009,science fiction|young adult|fiction,4.2
book,Mockingjay,Suzanne Collins,2010,science fiction|young adult|fiction,4.1
book,The Ballad of Song Birds and Snakes,Suzanne Collins,2020,young adult|fiction|dystopian,4.0
book,The Personal Librarian,Marie Benedict,2021,historical fiction|biography,4.1
book,The Book Thief,Markus Zusak,2005,historical fiction|young adult,4.4
book,All the Light We Cannot See,Anthony Doerr,2014,historical fiction|fiction,4.3
book,The Nightingale,Kristin Hannah,2015,historical fiction|fiction,4.2
book,The Tattooist of Auschwitz,Heather Morris,2018,historical fiction|biography,4.1
book,Educated,Tara Westover,2018,memoir|biography|non-fiction,4.5
book,Becoming,Michelle Obama,2018,memoir|biography|non-fiction,4.4
book,Sapiens,Yuval Noah Harari,2011,history|non-fiction,4.3
book,Atomic Habits,James Clear,2018,self-help|non-fiction,4.4
book,The Subtle Art of Not Giving a F*ck,Mark Manson,2016,self-help|non-fiction,4.0
book,The Midnight Library,Matt Haig,2020,contemporary|fiction,4.1
book,Klara and the Sun,Kazuo Ishiguro,2021,contemporary|fiction,4.0
book,The Vanishing Half,Brit Bennett,2020,contemporary|fiction,4.2
book,Such a Fun Age,Kiley Reid,2019,contemporary|fiction,4.1
book,Normal People,Sally Rooney,2018,contemporary|fiction|romance,4.0
book,Conversations with Friends,Sally Rooney,2017,contemporary|fiction,3.9
book,"Beautiful World, Where Are You",Sally Rooney,2021,contemporary|fiction,3.8
book,"Tomorrow, and Tomorrow, and Tomorrow",Gabrielle Zevin,2022,contemporary|fiction,4.2
book,Lessons in Chemistry,Bonnie Garmus,2022,contemporary|fiction,4.1
book,Remarkably Bright Creatures,Shelby Van Pelt,2022,contemporary|fiction,4.0
book,The Overstory,Richard Powers,2018,literary|fiction,4.2
book,The Underground Railroad,Colson Whitehead,2016,literary|historical fiction,4.3
book,All the Pretty Horses,Cormac McCarthy,1992,literary|western|fiction,4.1
book,Beloved,Toni Morrison,1987,literary|historical fiction,4.4
book,The Goldfinch,Donna Tartt,2013,literary|fiction,4.0
book,A Visit from the Goon Squad,Jennifer Egan,2010,literary|fiction,4.1
book,The Brief Wondrous Life of Oscar Wao,Junot Díaz,2007,literary|fiction,4.2
book,Middlesex,Jeffrey Eugenides,2002,literary|fiction,4.3
book,The Amazing Adventures of Kavalier & Clay,Michael Chabon,2000,literary|historical fiction,4.2
book,Interpreter of Maladies,Jhumpa Lahiri,1999,literary|short stories,4.4
book,The Return of the King,J.R.R. Tolkien,1955,fantasy|fiction,4.7
book,The Silmarillion,J.R.R. Tolkien,1977,fantasy|fiction,4.3
book,The Children of Húrin,J.R.R. Tolkien,2007,fantasy|fiction,4.2
book,Rhythm of War,Brandon Sanderson,2020,fantasy|fiction,4.5
book,Dawnshard,Brandon Sanderson,2020,fantasy|fiction,4.1
book,The Alloy of Law,Brandon Sanderson,2011,fantasy|fiction,4.2
book,Shadows of Self,Brandon Sanderson,2015,fantasy|fiction,4.3
book,The Bands of Mourning,Brandon Sanderson,2016,fantasy|fiction,4.2
book,The Lost Metal,Brandon Sanderson,2022,fantasy|fiction,4.4
book,Elantris,Brandon Sanderson,2005,fantasy|fiction,4.1
book,Warbreaker,Brandon Sanderson,2009,fantasy|fiction,4.2
book,The Rithmatist,Brandon Sanderson,2013,fantasy|young adult|fiction,4.0
book,Steelheart,Brandon Sanderson,2013,fantasy|young adult|fiction,4.1
book,Firefight,Brandon Sanderson,2015,fantasy|young adult|fiction,4.0
book,Calamity,Brandon Sanderson,2016,fantasy|young adult|fiction,4.1
book,The Wise Man's Fear,Patrick Rothfuss,2011,fantasy|fiction,4.6
book,The Slow Regard of Silent Things,Patrick Rothfuss,2014,fantasy|fiction,4.0
book,A Gathering of Shadows,V.E. Schwab,2016,fantasy|fiction,4.3
book,A Conjuring of Light,V.E. Schwab,2017,fantasy|fiction,4.4
book,Circe,Madeline Miller,2018,fantasy|fiction|mythology,4.4
book,The Priory of the Orange Tree,Samantha Shannon,2019,fantasy|fiction,4.2
book,A Day of Fallen Night,Samantha Shannon,2023,fantasy|fiction,4.1
book,The Fifth Season,N.K. Jemisin,2015,fantasy|science fiction,4.4
book,The Obelisk Gate,N.K. Jemisin,2016,fantasy|science fiction,4.5
book,The Stone Sky,N.K. Jemisin,2017,fantasy|science fiction,4.6
book,The Hundred Thousand Kingdoms,N.K. Jemisin,2010,fantasy|fiction,4.1
book,The Broken Kingdoms,N.K. Jemisin,2010,fantasy|fiction,4.2
book,The Kingdom of Gods,N.K. Jemisin,2011,fantasy|fiction,4.1
book,The City We Became,N.K. Jemisin,2020,fantasy|fiction,4.0
book,The World We Make,N.K. Jemisin,2022,fantasy|fiction,4.1
book,The Lies of Locke Lamora,Scott Lynch,2006,fantasy|fiction,4.3
book,Red Seas Under Red Skies,Scott Lynch,2007,fantasy|fiction,4.2
book,The Republic of Thieves,Scott Lynch,2013,fantasy|fiction,4.1
book,The Thorn of Emberlain,Scott Lynch,2024,fantasy|fiction,4.0
book,The Blade Itself,Joe Abercrombie,2006,fantasy|fiction,4.2
book,Before They Are Hanged,Joe Abercrombie,2007,fantasy|fiction,4.3
book,Last Argument of Kings,Joe Abercrombie,2008,fantasy|fiction,4.4
book,Best Served Cold,Joe Abercrombie,2009,fantasy|fiction,4.1
book,The Heroes,Joe Abercrombie,2011,fantasy|fiction,4.2
book,Red Country,Joe Abercrombie,2012,fantasy|western|fiction,4.1
book,A Little Hatred,Joe Abercrombie,2019,fantasy|fiction,4.3
book,The Trouble With Peace,Joe Abercrombie,2020,fantasy|fiction,4.2
book,The Wisdom of Crowds,Joe Abercrombie,2021,fantasy|fiction,4.4
book,The Way of Shadows,Brent Weeks,2008,fantasy|fiction,4.1
book,Shadow's Edge,Brent Weeks,2008,fantasy|fiction,4.0
book,Beyond the Shadows,Brent Weeks,2008,fantasy|fiction,4.1
book,The Black Prism,Brent Weeks,2010,fantasy|fiction,4.2
book,The Blinding Knife,Brent Weeks,2012,fantasy|fiction,4.3
book,The Broken Eye,Brent Weeks,2014,fantasy|fiction,4.2
book,The Blood Mirror,Brent Weeks,2016,fantasy|fiction,4.1
book,The Burning White,Brent Weeks,2019,fantasy|fiction,4.3
book,The Eye of the World,Robert Jordan,1990,fantasy|fiction,4.2
book,The Great Hunt,Robert Jordan,1990,fantasy|fiction,4.3
book,The Dragon Reborn,Robert Jordan,1991,fantasy|fiction,4.2
book,The Shadow Rising,Robert Jordan,1992,fantasy|fiction,4.4
book,The Fires of Heaven,Robert Jordan,1993,fantasy|fiction,4.3
book,Lord of Chaos,Robert Jordan,1994,fantasy|fiction,4.2
book,A Crown of Swords,Robert Jordan,1996,fantasy|fiction,4.1
book,The Path of Daggers,Robert Jordan,1998,fantasy|fiction,4.0
book,Winter's Heart,Robert Jordan,2000,fantasy|fiction,4.1
book,Crossroads of Twilight,Robert Jordan,2003,fantasy|fiction,4.0
book,Knife of Dreams,Robert Jordan,2005,fantasy|fiction,4.1
book,The Gathering Storm,Robert Jordan & Brandon Sanderson,2009,fantasy|fiction,4.3
book,Towers of Midnight,Robert Jordan & Brandon Sanderson,2010,fantasy|fiction,4.2
book,A Memory of Light,Robert Jordan & Brandon Sanderson,2013,fantasy|fiction,4.4
book,New Spring,Robert Jordan,2004,fantasy|fiction,4.0
book,The Red Queen,Victoria Aveyard,2015,fantasy|young adult|fiction,4.0
book,Glass Sword,Victoria Aveyard,2016,fantasy|young adult|fiction,3.9
book,King's Cage,Victoria Aveyard,2017,fantasy|young adult|fiction,4.0
book,War Storm,Victoria Aveyard,2018,fantasy|young adult|fiction,4.1
book,Red Queen,Victoria Aveyard,2015,fantasy|young adult|fiction,4.0
book,The Cruel Prince,Holly Black,2018,fantasy|young adult|fiction,4.1
book,The Wicked King,Holly Black,2019,fantasy|young adult|fiction,4.2
book,The Queen of Nothing,Holly Black,2019,fantasy|young adult|fiction,4.3
book,Tithe,Holly Black,2002,fantasy|young adult|fiction,3.9
book,Valiant,Holly Black,2005,fantasy|young adult|fiction,4.0
book,Ironside,Holly Black,2007,fantasy|young adult|fiction,4.1
book,The Darkest Part of the Forest,Holly Black,2015,fantasy|young adult|fiction,4.0
book,Book of Night,Holly Black,2022,fantasy|fiction,3.9
book,The Raven Boys,Maggie Stiefvater,2012,fantasy|young adult|fiction,4.1
book,The Dream Thieves,Maggie Stiefvater,2013,fantasy|young adult|fiction,4.2
book,"Blue Lily, Lily Blue",Maggie Stiefvater,2014,fantasy|young adult|fiction,4.1
book,The Raven King,Maggie Stiefvater,2016,fantasy|young adult|fiction,4.3
book,Call Down the Hawk,Maggie Stiefvater,2019,fantasy|young adult|fiction,4.0
book,Mister Impossible,Maggie Stiefvater,2021,fantasy|young adult|fiction,4.1
book,Greywaren,Maggie Stiefvater,2022,fantasy|young adult|fiction,4.2
book,Shiver,Maggie Stiefvater,2009,fantasy|young adult|fiction,3.9
book,Linger,Maggie Stiefvater,2010,fantasy|young adult|fiction,4.0
book,Forever,Maggie Stiefvater,2011,fantasy|young adult|fiction,4.1
book,The Scorpio Races,Maggie Stiefvater,2011,fantasy|young adult|fiction,4.2
book,All the Crooked Saints,Maggie Stiefvater,2017,fantasy|young adult|fiction,4.0
book,The Call,Peadar Ó Guilín,2016,fantasy|young adult|fiction,4.0
book,The Invasion,Peadar Ó Guilín,2018,fantasy|young adult|fiction,4.1
book,The Cruel Prince,Holly Black,2018,fantasy|young adult|fiction,4.1
book,The Wicked King,Holly Black,2019,fantasy|young adult|fiction,4.2
book,The Queen of Nothing,Holly Black,2019,fantasy|young adult|fiction,4.3
book,Tithe,Holly Black,2002,fantasy|young adult|fiction,3.9
book,Valiant,Holly Black,2005,fantasy|young adult|fiction,4.0
book,Ironside,Holly Black,2007,fantasy|young adult|fiction,4.1
book,The Darkest Part of the Forest,Holly Black,2015,fantasy|young adult|fiction,4.0
book,Book of Night,Holly Black,2022,fantasy|fiction,3.9
book,The Raven Boys,Maggie Stiefvater,2012,fantasy|young adult|fiction,4.1
book,The Dream Thieves,Maggie Stiefvater,2013,fantasy|young adult|fiction,4.2
book,"Blue Lily, Lily Blue",Maggie Stiefvater,2014,fantasy|young adult|fiction,4.1
book,The Raven King,Maggie Stiefvater,2016,fantasy|young adult|fiction,4.3
book,Call Down the Hawk,Maggie Stiefvater,2019,fantasy|young adult|fiction,4.0
book,Mister Impossible,Maggie Stiefvater,2021,fantasy|young adult|fiction,4.1
book,Greywaren,Maggie Stiefvater,2022,fantasy|young adult|fiction,4.2
book,Shiver,Maggie Stiefvater,2009,fantasy|young adult|fiction,3.9
book,Linger,Maggie Stiefvater,2010,fantasy|young adult|fiction,4.0
book,Forever,Maggie Stiefvater,2011,fantasy|young adult|fiction,4.1
book,The Scorpio Races,Maggie Stiefvater,2011,fantasy|young adult|fiction,4.2
book,All the Crooked Saints,Maggie Stiefvater,2017,fantasy|young adult|fiction,4.0
book,The Call,Peadar Ó Guilín,2016,fantasy|young adult|fiction,4.0
book,The Invasion,Peadar Ó Guilín,2018,fantasy|young adult|fiction,4.1
book,Neuromancer,William Gibson,1984,science fiction|cyberpunk,4.2
book,Snow Crash,Neal Stephenson,1992,science fiction|cyberpunk,4.1
book,The Diamond Age,Neal Stephenson,1995,science fiction|cyberpunk,4.0
book,Cryptonomicon,Neal Stephenson,1999,science fiction|historical fiction,4.1
book,Anathem,Neal Stephenson,2008,science fiction|fiction,4.2
book,Seveneves,Neal Stephenson,2015,science fiction|fiction,4.0
book,"Fall; or, Dodge in Hell",Neal Stephenson,2019,science fiction|fiction,3.8
book,Termination Shock,Neal Stephenson,2021,science fiction|fiction,3.9
book,The Foundation,Isaac Asimov,1951,science fiction|fiction,4.3
book,Foundation and Empire,Isaac Asimov,1952,science fiction|fiction,4.2
book,Second Foundation,Isaac Asimov,1953,science fiction|fiction,4.3
book,Foundation's Edge,Isaac Asimov,1982,science fiction|fiction,4.1
book,Foundation and Earth,Isaac Asimov,1986,science fiction|fiction,4.0
book,Prelude to Foundation,Isaac Asimov,1988,science fiction|fiction,4.1
book,Forward the Foundation,Isaac Asimov,1993,science fiction|fiction,4.0
book,"I, Robot",Isaac Asimov,1950,science fiction|short stories,4.2
book,The Caves of Steel,Isaac Asimov,1954,science fiction|mystery,4.1
book,The Naked Sun,Isaac Asimov,1957,science fiction|mystery,4.0
book,The Robots of Dawn,Isaac Asimov,1983,science fiction|mystery,4.1
book,Robots and Empire,Isaac Asimov,1985,science fiction|fiction,4.0
book,The Gods Themselves,Isaac Asimov,1972,science fiction|fiction,4.1
book,Nightfall,Isaac Asimov,1990,science fiction|fiction,4.0
book,The End of Eternity,Isaac Asimov,1955,science fiction|fiction,4.1
book,"The Stars, Like Dust",Isaac Asimov,1951,science fiction|fiction,3.9
book,The Currents of Space,Isaac Asimov,1952,science fiction|fiction,3.8
book,Pebble in the Sky,Isaac Asimov,1950,science fiction|fiction,3.9
book,The Hitchhiker's Guide to the Galaxy,Douglas Adams,1979,science fiction|comedy|fiction,4.3
book,The Restaurant at the End of the Universe,Douglas Adams,1980,science fiction|comedy|fiction,4.2
book,"Life, the Universe and Everything",Douglas Adams,1982,science fiction|comedy|fiction,4.1
book,"So Long, and Thanks for All the Fish",Douglas Adams,1984,science fiction|comedy|fiction,4.0
book,Mostly Harmless,Douglas Adams,1992,science fiction|comedy|fiction,3.9
book,Dirk Gently's Holistic Detective Agency,Douglas Adams,1987,science fiction|mystery|comedy,4.0
book,The Long Dark Tea-Time of the Soul,Douglas Adams,1988,science fiction|mystery|comedy,4.1
book,1984,George Orwell,1949,science fiction|dystopian|fiction,4.4
book,Animal Farm,George Orwell,1945,fiction|allegory,4.3
book,Brave New World,Aldous Huxley,1932,science fiction|dystopian|fiction,4.2
book,Fahrenheit 451,Ray Bradbury,1953,science fiction|dystopian|fiction,4.3
book,The Martian Chronicles,Ray Bradbury,1950,science fiction|short stories,4.1
book,Something Wicked This Way Comes,Ray Bradbury,1962,fantasy|horror|fiction,4.0
book,The Illustrated Man,Ray Bradbury,1951,science fiction|short stories,4.1
book,The October Country,Ray Bradbury,1955,horror|fantasy|short stories,4.0
book,Dandelion Wine,Ray Bradbury,1957,fiction|coming of age,4.1
book,Death is a Lonely Business,Ray Bradbury,1985,mystery|fiction,3.9
book,A Graveyard for Lunatics,Ray Bradbury,1990,mystery|fiction,3.8
book,Let's All Kill Constance,Ray Bradbury,2003,mystery|fiction,3.7
book,The Handmaid's Tale,Margaret Atwood,1985,science fiction|dystopian|fiction,4.3
book,The Testaments,Margaret Atwood,2019,science fiction|dystopian|fiction,4.1
book,Oryx and Crake,Margaret Atwood,2003,science fiction|dystopian|fiction,4.0
book,The Year of the Flood,Margaret Atwood,2009,science fiction|dystopian|fiction,4.1
book,MaddAddam,Margaret Atwood,2013,science fiction|dystopian|fiction,4.0
book,The Blind Assassin,Margaret Atwood,2000,literary|fiction,4.2
book,Alias Grace,Margaret Atwood,1996,historical fiction|mystery,4.1
book,Cat's Eye,Margaret Atwood,1988,literary|fiction,4.0
book,The Robber Bride,Margaret Atwood,1993,literary|fiction,4.1
book,The Edible Woman,Margaret Atwood,1969,literary|fiction,3.9
book,Surfacing,Margaret Atwood,1972,literary|fiction,4.0
book,Lady Oracle,Margaret Atwood,1976,literary|fiction,3.9
book,Life Before Man,Margaret Atwood,1979,literary|fiction,4.0
book,Bodily Harm,Margaret Atwood,1981,literary|fiction,3.9
book,The Heart Goes Last,Margaret Atwood,2015,science fiction|dystopian|fiction,3.8
book,Hag-Seed,Margaret Atwood,2016,literary|fiction,4.0
book,The Penelopiad,Margaret Atwood,2005,literary|fiction,4.1
book,The Door,Margaret Atwood,2007,poetry,4.0
book,Morning in the Burned House,Margaret Atwood,1995,poetry,4.1
book,Interlunar,Margaret Atwood,1984,poetry,4.0
book,True Stories,Margaret Atwood,1981,poetry,4.1
book,Two-Headed Poems,Margaret Atwood,1978,poetry,4.0
book,You Are Happy,Margaret Atwood,1974,poetry,4.1
book,Power Politics,Margaret Atwood,1971,poetry,4.0
book,The Journals of Susanna Moodie,Margaret Atwood,1970,poetry,4.1
book,The Circle Game,Margaret Atwood,1966,poetry,4.0
book,Double Persephone,Margaret Atwood,1961,poetry,4.1
book,The Stone Diaries,Carol Shields,1993,literary|fiction,4.2
book,Unless,Carol Shields,2002,literary|fiction,4.1
book,Larry's Party,Carol Shields,1997,literary|fiction,4.0
book,The Republic of Love,Carol Shields,1992,literary|fiction,4.1
book,Swann,Carol Shields,1987,literary|mystery|fiction,4.0
book,Happenstance,Carol Shields,1980,literary|fiction,4.1
book,Small Ceremonies,Carol Shields,1976,literary|fiction,4.0
book,The Box Garden,Carol Shields,1977,literary|fiction,4.1
book,Various Miracles,Carol Shields,1985,literary|short stories,4.0
book,The Orange Fish,Carol Shields,1989,literary|short stories,4.1
book,Dressing Up for the Carnival,Carol Shields,2000,literary|short stories,4.0
book,Collected Stories,Carol Shields,2004,literary|short stories,4.1
book,Coming Through Slaughter,Michael Ondaatje,1976,literary|historical fiction,4.0
book,In the Skin of a Lion,Michael Ondaatje,1987,literary|historical fiction,4.1
book,The English Patient,Michael Ondaatje,1992,literary|historical fiction,4.3
book,Anil's Ghost,Michael Ondaatje,2000,literary|mystery|fiction,4.1
book,Divisadero,Michael Ondaatje,2007,literary|fiction,4.0
book,The Cat's Table,Michael Ondaatje,2011,literary|coming of age|fiction,4.1
book,Warlight,Michael Ondaatje,2018,literary|historical fiction,4.0
book,The Collected Works of Billy the Kid,Michael Ondaatje,1970,literary|historical fiction,4.1
book,Running in the Family,Michael Ondaatje,1982,memoir|biography,4.2
book,Handwriting,Michael Ondaatje,1998,poetry,4.0
book,The Cinnamon Peeler,Michael Ondaatje,1989,poetry,4.1
book,Secular Love,Michael Ondaatje,1984,poetry,4.0
book,There's a Trick with a Knife I'm Learning to Do,Michael Ondaatje,1979,poetry,4.1
book,Rat Jelly,Michael Ondaatje,1973,poetry,4.0
book,The Dainty Monsters,Michael Ondaatje,1967,poetry,4.1
book,The Man with Seven Toes,Michael Ondaatje,1969,poetry,4.0
book,Elimination Dance,Michael Ondaatje,1978,poetry,4.1
book,Tin Roof,Michael Ondaatje,1982,poetry,4.0
book,The Story,Michael Ondaatje,2005,poetry,4.1
book,The Conversation,Michael Ondaatje,2012,poetry,4.0
book,The Long Poem Anthology,Michael Ondaatje,1979,poetry|anthology,4.1
book,The Brick Reader,Michael Ondaatje,1991,anthology|literary,4.0
book,From Ink Lake,Michael Ondaatje,1990,anthology|short stories,4.1
book,The Faber Book of Contemporary Canadian Short Stories,Michael Ondaatje,1990,anthology|short stories,4.0
book,The Vintage Book of Contemporary Canadian Fiction,Michael Ondaatje,1997,anthology|fiction,4.1
book,The Norton Anthology of English Literature,Various,1962,anthology|literary,4.3
book,The Norton Anthology of American Literature,Various,1979,anthology|literary,4.3
book,The Norton Anthology of World Literature,Various,2001,anthology|literary,4.2
book,The Oxford Book of English Verse,Various,1900,anthology|poetry,4.4
book,The Norton Anthology of Poetry,Various,1970,anthology|poetry,4.3
book,The Best American Short Stories,Various,1915,anthology|short stories,4.2
book,The O. Henry Prize Stories,Various,1919,anthology|short stories,4.1
book,The Pushcart Prize,Various,1976,anthology|literary,4.0
book,The Best American Essays,Various,1986,anthology|essays,4.1
book,The Best American Poetry,Various,1988,anthology|poetry,4.2
book,The Best American Science Fiction and Fantasy,Various,2015,anthology|science fiction|fantasy,4.0
book,The Year's Best Science Fiction,Various,1984,anthology|science fiction,4.1
book,The Year's Best Fantasy and Horror,Various,1988,anthology|fantasy|horror,4.0
book,The Best American Mystery Stories,Various,1997,anthology|mystery,4.1
book,The Best American Crime Writing,Various,2002,anthology|crime,4.0
book,The Best American Travel Writing,Various,2000,anthology|travel,4.1
book,The Best American Sports Writing,Various,1991,anthology|sports,4.0
book,The Best American Food Writing,Various,2000,anthology|food,4.1
book,The Best American Science and Nature Writing,Various,2000,anthology|science|nature,4.0
book,The Best American Nonrequired Reading,Various,2002,anthology|literary,4.1
book,The Best American Comics,Various,2006,anthology|comics,4.0
book,The Best American Infographics,Various,2013,anthology|visual,4.1
book,The Best American Magazine Writing,Various,2000,anthology|journalism,4.0
book,The Best American Newspaper Writing,Various,2001,anthology|journalism,4.1
book,The Best American Spiritual Writing,Various,2004,anthology|spiritual,4.0
book,The Best American Gay and Lesbian Writing,Various,2000,anthology|LGBTQ,4.1
book,The Best American Erotica,Various,1993,anthology|erotica,4.0
book,The Best American Humor,Various,1993,anthology|humor,4.1
book,The Best American Political Writing,Various,2004,anthology|politics,4.0
book,The Best American Business Writing,Various,2012,anthology|business,4.1
book,The Best American Technology Writing,Various,2006,anthology|technology,4.0
book,The Best American Medical Writing,Various,2006,anthology|medical,4.1
book,The Best American Legal Writing,Various,2006,anthology|legal,4.0
book,The Best American Historical Writing,Various,2007,anthology|history,4.1
book,The Best American Military Writing,Various,2008,anthology|military,4.0
book,The Best American Environmental Writing,Various,2001,anthology|environmental,4.1
book,The Best American Essays of the Century,Various,2000,anthology|essays,4.3
book,The Best American Short Stories of the Century,Various,1999,anthology|short stories,4.3
book,The Best American Poetry of the Century,Various,2000,anthology|poetry,4.3
book,The Best American Science Fiction of the Century,Various,2000,anthology|science fiction,4.2
book,The Best American Fantasy of the Century,Various,2000,anthology|fantasy,4.2
book,The Best American Mystery Stories of the Century,Various,2000,anthology|mystery,4.2
book,The Best American Crime Stories of the Century,Various,2000,anthology|crime,4.1
book,The Best American Travel Writing of the Century,Various,2000,anthology|travel,4.1
book,The Best American Sports Writing of the Century,Various,2000,anthology|sports,4.1
book,The Best American Food Writing of the Century,Various,2000,anthology|food,4.1
book,The Best American Science and Nature Writing of the Century,Various,2000,anthology|science|nature,4.1
book,The Best American Nonrequired Reading of the Century,Various,2000,anthology|literary,4.1
book,The Best American Comics of the Century,Various,2000,anthology|comics,4.0
book,The Best American Infographics of the Century,Various,2000,anthology|visual,4.0
book,The Best American Magazine Writing of the Century,Various,2000,anthology|journalism,4.0
book,The Best American Newspaper Writing of the Century,Various,2000,anthology|journalism,4.0
book,The Best American Spiritual Writing of the Century,Various,2000,anthology|spiritual,4.0
book,The Best American Gay and Lesbian Writing of the Century,Various,2000,anthology|LGBTQ,4.0
book,The Best American Erotica of the Century,Various,2000,anthology|erotica,4.0
book,The Best American Humor of the Century,Various,2000,anthology|humor,4.0
book,The Best American Political Writing of the Century,Various,2000,anthology|politics,4.0
book,The Best American Business Writing of the Century,Various,2000,anthology|business,4.0
book,The Best American Technology Writing of the Century,Various,2000,anthology|technology,4.0
book,The Best American Medical Writing of the Century,Various,2000,anthology|medical,4.0
book,The Best American Legal Writing of the Century,Various,2000,anthology|legal,4.0
book,The Best American Historical Writing of the Century,Various,2000,anthology|history,4.0
book,The Best American Military Writing of the Century,Various,2000,anthology|military,4.0
book,The Best American Environmental Writing of the Century,Various,2000,anthology|environmental,4.0
book,To Kill a Mockingbird,Harper Lee,1960,classic|literary|fiction,4.5
book,The Great Gatsby,F. Scott Fitzgerald,1925,classic|literary|fiction,4.4
book,Lord of the Flies,William Golding,1954,classic|literary|fiction,4.2
book,The Grapes of Wrath,John Steinbeck,1939,classic|literary|fiction,4.4
book,Of Mice and Men,John Steinbeck,1937,classic|literary|fiction,4.3
book,The Old Man and the Sea,Ernest Hemingway,1952,classic|literary|fiction,4.2
book,For Whom the Bell Tolls,Ernest Hemingway,1940,classic|literary|fiction,4.3
book,A Farewell to Arms,Ernest Hemingway,1929,classic|literary|fiction,4.2
book,The Sun Also Rises,Ernest Hemingway,1926,classic|literary|fiction,4.1
book,The Adventures of Huckleberry Finn,Mark Twain,1884,classic|adventure|fiction,4.4
book,The Adventures of Tom Sawyer,Mark Twain,1876,classic|adventure|fiction,4.2
book,Moby-Dick,Herman Melville,1851,classic|adventure|fiction,4.1
book,The Scarlet Letter,Nathaniel Hawthorne,1850,classic|literary|fiction,4.0
book,The Crucible,Arthur Miller,1953,classic|drama|historical,4.2
book,Death of a Salesman,Arthur Miller,1949,classic|drama|fiction,4.3
book,Romeo and Juliet,William Shakespeare,1597,classic|drama|romance,4.4
book,Hamlet,William Shakespeare,1603,classic|drama|tragedy,4.5
book,Macbeth,William Shakespeare,1606,classic|drama|tragedy,4.4
book,Othello,William Shakespeare,1604,classic|drama|tragedy,4.3
book,King Lear,William Shakespeare,1606,classic|drama|tragedy,4.4
book,Julius Caesar,William Shakespeare,1599,classic|drama|historical,4.2
book,A Midsummer Night's Dream,William Shakespeare,1596,classic|drama|comedy,4.3
book,The Tempest,William Shakespeare,1611,classic|drama|fantasy,4.2
book,Much Ado About Nothing,William Shakespeare,1598,classic|drama|comedy,4.2
book,Twelfth Night,William Shakespeare,1601,classic|drama|comedy,4.2
book,As You Like It,William Shakespeare,1599,classic|drama|comedy,4.1
book,The Merchant of Venice,William Shakespeare,1596,classic|drama|comedy,4.1
book,The Taming of the Shrew,William Shakespeare,1592,classic|drama|comedy,4.0
book,Antony and Cleopatra,William Shakespeare,1607,classic|drama|tragedy,4.1
book,Coriolanus,William Shakespeare,1608,classic|drama|tragedy,4.0
book,Timon of Athens,William Shakespeare,1607,classic|drama|tragedy,3.9
book,"Pericles, Prince of Tyre",William Shakespeare,1608,classic|drama|romance,3.8
book,Cymbeline,William Shakespeare,1611,classic|drama|romance,3.9
book,The Winter's Tale,William Shakespeare,1611,classic|drama|romance,4.0
book,The Two Noble Kinsmen,William Shakespeare,1613,classic|drama|romance,3.8
book,"Henry IV, Part 1",William Shakespeare,1597,classic|drama|historical,4.1
book,"Henry IV, Part 2",William Shakespeare,1598,classic|drama|historical,4.0
book,Henry V,William Shakespeare,1599,classic|drama|historical,4.2
book,"Henry VI, Part 1",William Shakespeare,1591,classic|drama|historical,3.9
book,"Henry VI, Part 2",William Shakespeare,1591,classic|drama|historical,3.9
book,"Henry VI, Part 3",William Shakespeare,1591,classic|drama|historical,3.8
book,Richard III,William Shakespeare,1592,classic|drama|historical,4.1
book,Richard II,William Shakespeare,1595,classic|drama|historical,4.0
book,Henry VIII,William Shakespeare,1613,classic|drama|historical,3.9
book,King John,William Shakespeare,1596,classic|drama|historical,3.8
book,Edward III,William Shakespeare,1596,classic|drama|historical,3.7
book,Sir Thomas More,William Shakespeare,1600,classic|drama|historical,3.6
book,The Two Gentlemen of Verona,William Shakespeare,1594,classic|drama|comedy,3.9
book,The Comedy of Errors,William Shakespeare,1594,classic|drama|comedy,3.8
book,Love's Labour's Lost,William Shakespeare,1595,classic|drama|comedy,3.9
book,All's Well That Ends Well,William Shakespeare,1602,classic|drama|comedy,3.8
book,Measure for Measure,William Shakespeare,1604,classic|drama|comedy,4.0
book,Troilus and Cressida,William Shakespeare,1602,classic|drama|tragedy,3.9
book,Titus Andronicus,William Shakespeare,1594,classic|drama|tragedy,3.7
book,The Rape of Lucrece,William Shakespeare,1594,classic|poetry|narrative,3.8
book,Venus and Adonis,William Shakespeare,1593,classic|poetry|narrative,3.9
book,The Sonnets,William Shakespeare,1609,classic|poetry|sonnets,4.3
book,A Lover's Complaint,William Shakespeare,1609,classic|poetry|narrative,3.7
book,The Passionate Pilgrim,William Shakespeare,1599,classic|poetry|collection,3.6
book,The Phoenix and the Turtle,William Shakespeare,1601,classic|poetry|allegory,3.8
book,A Christmas Carol,Charles Dickens,1843,classic|christmas|fiction,4.5
book,The Gift of the Magi,O. Henry,1905,classic|christmas|short story,4.3
book,The Polar Express,Chris Van Allsburg,1985,children|christmas|fantasy,4.4
book,How the Grinch Stole Christmas!,Dr. Seuss,1957,children|christmas|poetry,4.6
book,The Night Before Christmas,Clement Clarke Moore,1823,classic|christmas|poetry,4.4
book,The Nutcracker,E.T.A. Hoffmann,1816,classic|christmas|fantasy,4.2
book,The Little Match Girl,Hans Christian Andersen,1845,classic|christmas|short story,4.1
book,The Snowman,Raymond Briggs,1978,children|christmas|fantasy,4.3
book,The Best Christmas Pageant Ever,Barbara Robinson,1972,children|christmas|comedy,4.2
book,The Christmas Box,Richard Paul Evans,1993,contemporary|christmas|fiction,4.0
book,Skipping Christmas,John Grisham,2001,contemporary|christmas|comedy,3.9
book,The Christmas Train,David Baldacci,2002,contemporary|christmas|romance,3.8
book,The Christmas Sweater,Glenn Beck,2008,contemporary|christmas|fiction,3.7
book,The Christmas List,Richard Paul Evans,2009,contemporary|christmas|fiction,3.9
book,The Christmas Promise,Richard Paul Evans,2010,contemporary|christmas|romance,3.8
book,The Christmas Room,Catherine Anderson,2017,contemporary|christmas|romance,3.9
book,The Christmas Wedding,James Patterson,2011,contemporary|christmas|romance,3.7
book,The Christmas Hope,Donna VanLiere,2005,contemporary|christmas|fiction,3.8
book,The Christmas Shoes,Donna VanLiere,2001,contemporary|christmas|fiction,3.9
book,The Christmas Blessing,Donna VanLiere,2003,contemporary|christmas|romance,3.8
book,The Christmas Secret,Donna VanLiere,2004,contemporary|christmas|romance,3.7
book,The Christmas Journey,Donna VanLiere,2010,contemporary|christmas|religious,3.8
book,The Christmas Note,Donna VanLiere,2011,contemporary|christmas|fiction,3.7
book,The Christmas Light,Donna VanLiere,2013,contemporary|christmas|fiction,3.8
book,The Christmas Town,Donna VanLiere,2016,contemporary|christmas|romance,3.7
book,The Christmas Table,Donna VanLiere,2017,contemporary|christmas|romance,3.8
book,The Christmas Prayer,Donna VanLiere,2018,contemporary|christmas|religious,3.7
book,The Christmas Wish,Donna VanLiere,2019,contemporary|christmas|romance,3.8
book,The Christmas Star,Donna VanLiere,2020,contemporary|christmas|romance,3.7
book,The Christmas Bridge,Donna VanLiere,2021,contemporary|christmas|fiction,3.8
book,The Christmas Window,Donna VanLiere,2022,contemporary|christmas|romance,3.7
book,The Christmas Door,Donna VanLiere,2023,contemporary|christmas|romance,3.8
book,The Legend of Sleepy Hollow,Washington Irving,1820,classic|halloween|horror,4.3
book,The Raven,Edgar Allan Poe,1845,classic|halloween|poetry,4.4
book,The Tell-Tale Heart,Edgar Allan Poe,1843,classic|halloween|horror,4.2
book,The Fall of the House of Usher,Edgar Allan Poe,1839,classic|halloween|horror,4.1
book,The Masque of the Red Death,Edgar Allan Poe,1842,classic|halloween|horror,4.0
book,The Pit and the Pendulum,Edgar Allan Poe,1842,classic|halloween|horror,4.1
book,The Black Cat,Edgar Allan Poe,1843,classic|halloween|horror,4.0
book,The Cask of Amontillado,Edgar Allan Poe,1846,classic|halloween|horror,4.2
book,The Murders in the Rue Morgue,Edgar Allan Poe,1841,classic|halloween|mystery,4.1
book,The Purloined Letter,Edgar Allan Poe,1844,classic|halloween|mystery,4.0
book,The Mystery of Marie Rogêt,Edgar Allan Poe,1842,classic|halloween|mystery,3.9
book,The Gold-Bug,Edgar Allan Poe,1843,classic|halloween|mystery,4.0
book,The Premature Burial,Edgar Allan Poe,1844,classic|halloween|horror,3.9
book,The Facts in the Case of M. Valdemar,Edgar Allan Poe,1845,classic|halloween|horror,4.0
book,The Oval Portrait,Edgar Allan Poe,1842,classic|halloween|horror,3.8
book,The Assignation,Edgar Allan Poe,1834,classic|halloween|romance,3.7
book,Berenice,Edgar Allan Poe,1835,classic|halloween|horror,3.8
book,Morella,Edgar Allan Poe,1835,classic|halloween|horror,3.7
book,Ligeia,Edgar Allan Poe,1838,classic|halloween|horror,4.0
book,The Haunted Palace,Edgar Allan Poe,1839,classic|halloween|poetry,3.9
book,The Conqueror Worm,Edgar Allan Poe,1843,classic|halloween|poetry,4.0
book,Ulalume,Edgar Allan Poe,1847,classic|halloween|poetry,3.8
book,Annabel Lee,Edgar Allan Poe,1849,classic|halloween|poetry,4.1
book,The Bells,Edgar Allan Poe,1849,classic|halloween|poetry,4.0
book,Eldorado,Edgar Allan Poe,1849,classic|halloween|poetry,3.9
book,A Dream Within a Dream,Edgar Allan Poe,1849,classic|halloween|poetry,4.0
book,The City in the Sea,Edgar Allan Poe,1845,classic|halloween|poetry,3.8
book,The Sleeper,Edgar Allan Poe,1831,classic|halloween|poetry,3.9
book,The Valley of Unrest,Edgar Allan Poe,1831,classic|halloween|poetry,3.7
book,The Lake,Edgar Allan Poe,1827,classic|halloween|poetry,3.8
book,To Helen,Edgar Allan Poe,1831,classic|halloween|poetry,3.9
book,Israfel,Edgar Allan Poe,1831,classic|halloween|poetry,3.8
book,The Coliseum,Edgar Allan Poe,1833,classic|halloween|poetry,3.7
book,The Haunted Mind,Nathaniel Hawthorne,1835,classic|halloween|horror,3.8
book,Young Goodman Brown,Nathaniel Hawthorne,1835,classic|halloween|horror,4.0
book,The Minister's Black Veil,Nathaniel Hawthorne,1836,classic|halloween|horror,3.9
book,The Birthmark,Nathaniel Hawthorne,1843,classic|halloween|horror,4.1
book,Rappaccini's Daughter,Nathaniel Hawthorne,1844,classic|halloween|horror,4.0
book,The House of the Seven Gables,Nathaniel Hawthorne,1851,classic|halloween|horror,4.2
book,The Scarlet Letter,Nathaniel Hawthorne,1850,classic|halloween|historical fiction,4.3
book,The Marble Faun,Nathaniel Hawthorne,1860,classic|halloween|romance,3.9
book,The Blithedale Romance,Nathaniel Hawthorne,1852,classic|halloween|romance,3.8
book,Fanshawe,Nathaniel Hawthorne,1828,classic|halloween|romance,3.7
book,The Dolliver Romance,Nathaniel Hawthorne,1864,classic|halloween|fantasy,3.6
book,Septimius Felton,Nathaniel Hawthorne,1872,classic|halloween|fantasy,3.7
book,The Ancestral Footstep,Nathaniel Hawthorne,1883,classic|halloween|mystery,3.6
book,The Ghost of the Count's Daughter,Nathaniel Hawthorne,1838,classic|halloween|horror,3.8
book,The Hollow of the Three Hills,Nathaniel Hawthorne,1830,classic|halloween|horror,3.7
book,The Wives of the Dead,Nathaniel Hawthorne,1832,classic|halloween|romance,3.8
book,The White Old Maid,Nathaniel Hawthorne,1835,classic|halloween|mystery,3.7
book,The Ambitious Guest,Nathaniel Hawthorne,1835,classic|halloween|tragedy,3.8
book,The Wedding Knell,Nathaniel Hawthorne,1836,classic|halloween|tragedy,3.7
book,The Maypole of Merry Mount,Nathaniel Hawthorne,1836,classic|halloween|historical fiction,3.8
book,The Gentle Boy,Nathaniel Hawthorne,1832,classic|halloween|historical fiction,3.7
book,The Gray Champion,Nathaniel Hawthorne,1835,classic|halloween|historical fiction,3.8
book,Endicott and the Red Cross,Nathaniel Hawthorne,1838,classic|halloween|historical fiction,3.7
book,The Shaker Bridal,Nathaniel Hawthorne,1838,classic|halloween|historical fiction,3.6
book,The Lily's Quest,Nathaniel Hawthorne,1839,classic|halloween|romance,3.7
book,The Threefold Destiny,Nathaniel Hawthorne,1838,classic|halloween|fantasy,3.8
book,The Village Uncle,Nathaniel Hawthorne,1835,classic|halloween|historical fiction,3.7
book,The Old Apple Dealer,Nathaniel Hawthorne,1837,classic|halloween|historical fiction,3.6
book,The Sister Years,Nathaniel Hawthorne,1839,classic|halloween|allegory,3.7
book,Snowflakes,Nathaniel Hawthorne,1838,classic|halloween|fantasy,3.6
book,The Christmas Banquet,Nathaniel Hawthorne,1844,classic|christmas|allegory,3.8
book,The New Adam and Eve,Nathaniel Hawthorne,1843,classic|halloween|fantasy,3.7
book,The Hall of Fantasy,Nathaniel Hawthorne,1843,classic|halloween|fantasy,3.8
book,The Procession of Life,Nathaniel Hawthorne,1843,classic|halloween|allegory,3.7
book,The Celestial Railroad,Nathaniel Hawthorne,1843,classic|halloween|allegory,3.8
book,The Intelligence Office,Nathaniel Hawthorne,1844,classic|halloween|fantasy,3.7
book,The Artist of the Beautiful,Nathaniel Hawthorne,1844,classic|halloween|fantasy,4.0
book,A Select Party,Nathaniel Hawthorne,1844,classic|halloween|fantasy,3.8
book,A Book of Autographs,Nathaniel Hawthorne,1844,classic|halloween|mystery,3.7
book,The Old Manse,Nathaniel Hawthorne,1846,classic|halloween|memoir,3.8
book,The Seven Husbands of Evelyn Hugo,Taylor Jenkins Reid,2017,contemporary|romance|historical fiction,4.3
book,Daisy Jones & The Six,Taylor Jenkins Reid,2019,contemporary|historical fiction|music,4.2
book,Malibu Rising,Taylor Jenkins Reid,2021,contemporary|family|drama,4.1
book,Carrie Soto Is Back,Taylor Jenkins Reid,2022,contemporary|sports|drama,4.0
book,The Midnight Library,Matt Haig,2020,contemporary|fantasy|philosophy,4.1
book,The Invisible Life of Addie LaRue,V.E. Schwab,2020,fantasy|romance|historical fiction,4.2
book,The House in the Cerulean Sea,TJ Klune,2020,fantasy|romance|lgbtq,4.3
book,Under the Whispering Door,TJ Klune,2021,fantasy|romance|lgbtq,4.1
book,The Paper Palace,Miranda Cowley Heller,2021,contemporary|romance|family,4.0
book,Lessons in Chemistry,Bonnie Garmus,2022,contemporary|historical fiction|feminism,4.1
book,"Tomorrow, and Tomorrow, and Tomorrow",Gabrielle Zevin,2022,contemporary|friendship|technology,4.2
book,Remarkably Bright Creatures,Shelby Van Pelt,2022,contemporary|friendship|mystery,4.0
book,The Maid,Nita Prose,2022,mystery|contemporary|neurodiversity,4.1
book,The Dictionary of Lost Words,Pip Williams,2020,historical fiction|feminism|language,4.2
book,The Four Winds,Kristin Hannah,2021,historical fiction|family|drama,4.1
book,The Great Alone,Kristin Hannah,2018,contemporary|family|adventure,4.2
book,The Nightingale,Kristin Hannah,2015,historical fiction|war|family,4.2
book,Firefly Lane,Kristin Hannah,2008,contemporary|friendship|family,4.0
book,Fly Away,Kristin Hannah,2013,contemporary|family|healing,3.9
book,The Vanishing Half,Brit Bennett,2020,contemporary|family|race,4.2
book,The Mothers,Brit Bennett,2016,contemporary|family|community,4.0
book,Such a Fun Age,Kiley Reid,2019,contemporary|race|class,4.1
book,Come and Get It,Kiley Reid,2024,contemporary|satire|class,4.0
book,Normal People,Sally Rooney,2018,contemporary|romance|coming-of-age,4.0
book,Conversations with Friends,Sally Rooney,2017,contemporary|friendship|romance,3.9
book,"Beautiful World, Where Are You",Sally Rooney,2021,contemporary|romance|friendship,3.8
book,Klara and the Sun,Kazuo Ishiguro,2021,contemporary|sci-fi|philosophy,4.0
book,The Remains of the Day,Kazuo Ishiguro,1989,historical fiction|romance|class,4.3
book,Never Let Me Go,Kazuo Ishiguro,2005,sci-fi|romance|dystopian,4.2
book,The Buried Giant,Kazuo Ishiguro,2015,fantasy|romance|historical fiction,3.9
book,When We Were Orphans,Kazuo Ishiguro,2000,mystery|historical fiction|family,3.8
book,The Unconsoled,Kazuo Ishiguro,1995,contemporary|surreal|music,3.7
book,A Pale View of Hills,Kazuo Ishiguro,1982,contemporary|family|memory,3.9
book,An Artist of the Floating World,Kazuo Ishiguro,1986,historical fiction|art|memory,4.0
book,The Personal Librarian,Marie Benedict,2021,historical fiction|biography|race,4.1
book,The Other Einstein,Marie Benedict,2016,historical fiction|biography|science,3.9
book,Carnegie's Maid,Marie Benedict,2018,historical fiction|romance|class,3.8
book,Lady Clementine,Marie Benedict,2020,historical fiction|biography|politics,3.9
book,The Mystery of Mrs. Christie,Marie Benedict,2020,historical fiction|mystery|biography,3.8
book,Her Hidden Genius,Marie Benedict,2022,historical fiction|biography|science,4.0
book,The Mitford Affair,Marie Benedict,2023,historical fiction|family|war,3.9
book,The Book Thief,Markus Zusak,2005,historical fiction|young adult|war,4.4
book,I Am the Messenger,Markus Zusak,2002,contemporary|mystery|coming-of-age,4.1
book,Bridge of Clay,Markus Zusak,2018,contemporary|family|coming-of-age,3.9
book,The Messenger,Markus Zusak,2002,contemporary|mystery|coming-of-age,4.0
book,Fighting Ruben Wolfe,Markus Zusak,2000,contemporary|sports|family,3.8
book,Getting the Girl,Markus Zusak,2001,contemporary|romance|family,3.7
book,The Underdog,Markus Zusak,1999,contemporary|coming-of-age|family,3.6
book,Educated,Tara Westover,2018,memoir|biography|family,4.5
book,Becoming,Michelle Obama,2018,memoir|biography|politics,4.4
book,The Light We Carry,Michelle Obama,2022,memoir|self-help|inspiration,4.2
book,Untamed,Glennon Doyle,2020,memoir|self-help|feminism,4.1
book,Love Warrior,Glennon Doyle,2016,memoir|family|healing,4.0
book,"Carry On, Warrior",Glennon Doyle,2013,memoir|faith|family,3.9
book,The Glass Castle,Jeannette Walls,2005,memoir|family|coming-of-age,4.3
book,Half Broke Horses,Jeannette Walls,2009,historical fiction|family|western,4.1
book,The Silver Star,Jeannette Walls,2013,contemporary|family|coming-of-age,3.9
book,Hang the Moon,Jeannette Walls,2023,historical fiction|family|adventure,4.0
book,Wild,Cheryl Strayed,2012,memoir|adventure|healing,4.2
book,Tiny Beautiful Things,Cheryl Strayed,2012,memoir|self-help|advice,4.3
book,Brave Enough,Cheryl Strayed,2015,self-help|inspiration|quotes,4.0
book,The Best of Me,Cheryl Strayed,2020,memoir|essays|personal,4.1
book,The Year of Magical Thinking,Joan Didion,2005,memoir|grief|family,4.4
book,Blue Nights,Joan Didion,2011,memoir|grief|aging,4.2
book,Slouching Towards Bethlehem,Joan Didion,1968,essays|journalism|culture,4.3
book,The White Album,Joan Didion,1979,essays|journalism|culture,4.2
book,Play It As It Lays,Joan Didion,1970,contemporary|drama|hollywood,4.1
book,A Book of Common Prayer,Joan Didion,1977,contemporary|drama|politics,4.0
book,Democracy,Joan Didion,1984,contemporary|drama|politics,3.9
book,The Last Thing He Wanted,Joan Didion,1996,contemporary|thriller|politics,3.8
book,Where I Was From,Joan Didion,2003,memoir|family|california,4.0
book,Political Fictions,Joan Didion,2001,essays|politics|journalism,4.1
book,Fixed Ideas,Joan Didion,2003,essays|politics|journalism,4.0
book,South and West,Joan Didion,2017,memoir|travel|journalism,3.9
book,Let Me Tell You What I Mean,Joan Didion,2021,essays|journalism|personal,4.0
book,The Woman in Me,Britney Spears,2023,memoir|biography|music,4.1
book,Spare,Prince Harry,2023,memoir|biography|royalty,4.0
book,Finding Me,Viola Davis,2022,memoir|biography|acting,4.3
book,Just as I Am,Cicely Tyson,2021,memoir|biography|acting,4.2
book,The Beauty in Breaking,Michele Harper,2020,memoir|medicine|healing,4.1
book,Know My Name,Chanel Miller,2019,memoir|feminism|healing,4.4
book,In the Dream House,Carmen Maria Machado,2019,memoir|lgbtq|healing,4.3
book,Her Body and Other Parties,Carmen Maria Machado,2017,short stories|horror|feminism,4.2
book,The Lowland,Jhumpa Lahiri,2013,contemporary|family|immigration,4.1
book,Unaccustomed Earth,Jhumpa Lahiri,2008,short stories|immigration|family,4.2
book,The Namesake,Jhumpa Lahiri,2003,contemporary|family|immigration,4.3
book,Whereabouts,Jhumpa Lahiri,2021,contemporary|solitude|reflection,4.0
book,Roman Stories,Jhumpa Lahiri,2023,short stories|italy|immigration,4.1
book,The House of the Spirits,Isabel Allende,1982,magical realism|family|chile,4.4
book,Eva Luna,Isabel Allende,1987,magical realism|storytelling|latin america,4.2
book,Daughter of Fortune,Isabel Allende,1999,historical fiction|adventure|chile,4.1
book,Portrait in Sepia,Isabel Allende,2000,historical fiction|family|chile,4.0
book,Zorro,Isabel Allende,2005,historical fiction|adventure|california,3.9
book,Inés of My Soul,Isabel Allende,2006,historical fiction|adventure|chile,4.0
book,Island Beneath the Sea,Isabel Allende,2009,historical fiction|slavery|haiti,4.1
book,Maya's Notebook,Isabel Allende,2011,contemporary|coming-of-age|chile,3.9
book,Ripper,Isabel Allende,2014,mystery|young adult|chile,3.8
book,The Japanese Lover,Isabel Allende,2015,contemporary|romance|family,4.0
book,In the Midst of Winter,Isabel Allende,2017,contemporary|romance|family,3.9
book,A Long Petal of the Sea,Isabel Allende,2019,historical fiction|immigration|chile,4.1
book,Violeta,Isabel Allende,2022,historical fiction|family|chile,4.0
book,The Wind Knows My Name,Isabel Allende,2023,contemporary|immigration|family,4.1
book,The Handmaid's Tale,Margaret Atwood,1985,dystopian|feminism|sci-fi,4.4
book,The Testaments,Margaret Atwood,2019,dystopian|feminism|sci-fi,4.2
book,Alias Grace,Margaret Atwood,1996,historical fiction|mystery|feminism,4.1
book,The Blind Assassin,Margaret Atwood,2000,contemporary|mystery|family,4.3
book,Oryx and Crake,Margaret Atwood,2003,dystopian|sci-fi|environmental,4.2
book,The Year of the Flood,Margaret Atwood,2009,dystopian|sci-fi|environmental,4.1
book,MaddAddam,Margaret Atwood,2013,dystopian|sci-fi|environmental,4.0
book,The Robber Bride,Margaret Atwood,1993,contemporary|friendship|feminism,4.1
book,Cat's Eye,Margaret Atwood,1988,contemporary|coming-of-age|art,4.2
book,The Edible Woman,Margaret Atwood,1969,contemporary|feminism|satire,4.0
book,Surfacing,Margaret Atwood,1972,contemporary|feminism|nature,3.9
book,Lady Oracle,Margaret Atwood,1976,contemporary|feminism|satire,3.8
book,Life Before Man,Margaret Atwood,1979,contemporary|romance|family,3.9
book,Bodily Harm,Margaret Atwood,1981,contemporary|politics|feminism,3.8
book,The Penelopiad,Margaret Atwood,2005,mythology|feminism|retelling,4.1
book,The Heart Goes Last,Margaret Atwood,2015,dystopian|sci-fi|romance,3.9
book,Hag-Seed,Margaret Atwood,2016,retelling|shakespeare|contemporary,4.0
book,The Stone Mattress,Margaret Atwood,2014,short stories|contemporary|feminism,4.1
book,Dancing Girls,Margaret Atwood,1977,short stories|contemporary|feminism,3.9
book,Bluebeard's Egg,Margaret Atwood,1983,short stories|contemporary|feminism,4.0
book,Wilderness Tips,Margaret Atwood,1991,short stories|contemporary|feminism,4.1
book,Good Bones and Simple Murders,Margaret Atwood,1992,short stories|essays|feminism,4.0
book,The Tent,Margaret Atwood,2006,short stories|essays|feminism,3.9
book,Moral Disorder,Margaret Atwood,2006,short stories|contemporary|family,4.0
book,Old Babes in the Wood,Margaret Atwood,2023,short stories|aging|relationships,4.1
book,The Color Purple,Alice Walker,1982,historical fiction|feminism|race,4.5
book,Meridian,Alice Walker,1976,historical fiction|feminism|civil rights,4.2
book,The Third Life of Grange Copeland,Alice Walker,1970,historical fiction|family|race,4.1
book,Possessing the Secret of Joy,Alice Walker,1992,contemporary|feminism|africa,4.0
book,By the Light of My Father's Smile,Alice Walker,1998,contemporary|feminism|spirituality,3.9
book,The Way Forward Is with a Broken Heart,Alice Walker,2000,short stories|romance|healing,4.0
book,Now Is the Time to Open Your Heart,Alice Walker,2004,contemporary|spirituality|feminism,3.8
book,We Are the Ones We Have Been Waiting For,Alice Walker,2006,essays|activism|spirituality,4.1
book,The Chicken Chronicles,Alice Walker,2011,memoir|nature|healing,3.9
book,The Cushion in the Road,Alice Walker,2013,essays|meditation|activism,4.0
book,Taking the Arrow Out of the Heart,Alice Walker,2018,poetry|healing|activism,4.1
book,Gathering Blossoms Under Fire,Alice Walker,2022,memoir|journal|activism,4.0
book,The Temple of My Familiar,Alice Walker,1989,contemporary|feminism|spirituality,4.1
book,To Hell with Dying,Alice Walker,1988,children|family|death,4.0
book,Finding the Green Stone,Alice Walker,1991,children|self-help|healing,3.9
book,Langston Hughes: American Poet,Alice Walker,1974,biography|children|poetry,4.0
book,There Is a Flower at the Tip of My Nose Smelling Me,Alice Walker,2006,children|nature|spirituality,3.8
book,Why War Is Never a Good Idea,Alice Walker,2007,children|peace|activism,4.0
book,Sweet People Are Everywhere,Alice Walker,2021,children|kindness|connection,4.1
book,The Beauty in Breaking,Michele Harper,2020,memoir|medicine|healing,4.1
book,Know My Name,Chanel Miller,2019,memoir|feminism|healing,4.4
book,In the Dream House,Carmen Maria Machado,2019,memoir|lgbtq|healing,4.3
book,Her Body and Other Parties,Carmen Maria Machado,2017,short stories|horror|feminism,4.2
book,The Lowland,Jhumpa Lahiri,2013,contemporary|family|immigration,4.1
book,Unaccustomed Earth,Jhumpa Lahiri,2008,short stories|immigration|family,4.2
book,The Namesake,Jhumpa Lahiri,2003,contemporary|family|immigration,4.3
book,Whereabouts,Jhumpa Lahiri,2021,contemporary|solitude|reflection,4.0
book,Roman Stories,Jhumpa Lahiri,2023,short stories|italy|immigration,4.1
book,The House of the Spirits,Isabel Allende,1982,magical realism|family|chile,4.4
book,Eva Luna,Isabel Allende,1987,magical realism|storytelling|latin america,4.2
book,Daughter of Fortune,Isabel Allende,1999,historical fiction|adventure|chile,4.1
book,Portrait in Sepia,Isabel Allende,2000,historical fiction|family|chile,4.0
book,Zorro,Isabel Allende,2005,historical fiction|adventure|california,3.9
book,Inés of My Soul,Isabel Allende,2006,historical fiction|adventure|chile,4.0
book,Island Beneath the Sea,Isabel Allende,2009,historical fiction|slavery|haiti,4.1
book,Maya's Notebook,Isabel Allende,2011,contemporary|coming-of-age|chile,3.9
book,Ripper,Isabel Allende,2014,mystery|young adult|chile,3.8
book,The Japanese Lover,Isabel Allende,2015,contemporary|romance|family,4.0
book,In the Midst of Winter,Isabel Allende,2017,contemporary|romance|family,3.9
book,A Long Petal of the Sea,Isabel Allende,2019,historical fiction|immigration|chile,4.1
book,Violeta,Isabel Allende,2022,historical fiction|family|chile,4.0
book,The Wind Knows My Name,Isabel Allende,2023,contemporary|immigration|family,4.1
book,The Handmaid's Tale,Margaret Atwood,1985,dystopian|feminism|sci-fi,4.4
book,The Testaments,Margaret Atwood,2019,dystopian|feminism|sci-fi,4.2
book,Alias Grace,Margaret Atwood,1996,historical fiction|mystery|feminism,4.1
book,The Blind Assassin,Margaret Atwood,2000,contemporary|mystery|family,4.3
book,Oryx and Crake,Margaret Atwood,2003,dystopian|sci-fi|environmental,4.2
book,The Year of the Flood,Margaret Atwood,2009,dystopian|sci-fi|environmental,4.1
book,MaddAddam,Margaret Atwood,2013,dystopian|sci-fi|environmental,4.0
book,The Robber Bride,Margaret Atwood,1993,contemporary|friendship|feminism,4.1
book,Cat's Eye,Margaret Atwood,1988,contemporary|coming-of-age|art,4.2
book,The Edible Woman,Margaret Atwood,1969,contemporary|feminism|satire,4.0
book,Surfacing,Margaret Atwood,1972,contemporary|feminism|nature,3.9
book,Lady Oracle,Margaret Atwood,1976,contemporary|feminism|satire,3.8
book,Life Before Man,Margaret Atwood,1979,contemporary|romance|family,3.9
book,Bodily Harm,Margaret Atwood,1981,contemporary|politics|feminism,3.8
book,The Penelopiad,Margaret Atwood,2005,mythology|feminism|retelling,4.1
book,The Heart Goes Last,Margaret Atwood,2015,dystopian|sci-fi|romance,3.9
book,Hag-Seed,Margaret Atwood,2016,retelling|shakespeare|contemporary,4.0
book,The Stone Mattress,Margaret Atwood,2014,short stories|contemporary|feminism,4.1
book,Dancing Girls,Margaret Atwood,1977,short stories|contemporary|feminism,3.9
book,Bluebeard's Egg,Margaret Atwood,1983,short stories|contemporary|feminism,4.0
book,Wilderness Tips,Margaret Atwood,1991,short stories|contemporary|feminism,4.1
book,Good Bones and Simple Murders,Margaret Atwood,1992,short stories|essays|feminism,4.0
book,The Tent,Margaret Atwood,2006,short stories|essays|feminism,3.9
book,Moral Disorder,Margaret Atwood,2006,short stories|contemporary|family,4.0
book,Old Babes in the Wood,Margaret Atwood,2023,short stories|aging|relationships,4.1
book,The Color Purple,Alice Walker,1982,historical fiction|feminism|race,4.5
book,Meridian,Alice Walker,1976,historical fiction|feminism|civil rights,4.2
book,The Third Life of Grange Copeland,Alice Walker,1970,historical fiction|family|race,4.1
book,Possessing the Secret of Joy,Alice Walker,1992,contemporary|feminism|africa,4.0
book,By the Light of My Father's Smile,Alice Walker,1998,contemporary|feminism|spirituality,3.9
book,The Way Forward Is with a Broken Heart,Alice Walker,2000,short stories|romance|healing,4.0
book,Now Is the Time to Open Your Heart,Alice Walker,2004,contemporary|spirituality|feminism,3.8
book,We Are the Ones We Have Been Waiting For,Alice Walker,2006,essays|activism|spirituality,4.1
book,The Chicken Chronicles,Alice Walker,2011,memoir|nature|healing,3.9
book,The Cushion in the Road,Alice Walker,2013,essays|meditation|activism,4.0
book,Taking the Arrow Out of the Heart,Alice Walker,2018,poetry|healing|activism,4.1
book,Gathering Blossoms Under Fire,Alice Walker,2022,memoir|journal|activism,4.0
book,The Temple of My Familiar,Alice Walker,1989,contemporary|feminism|spirituality,4.1
book,To Hell with Dying,Alice Walker,1988,children|family|death,4.0
book,Finding the Green Stone,Alice Walker,1991,children|self-help|healing,3.9
book,Langston Hughes: American Poet,Alice Walker,1974,biography|children|poetry,4.0
book,There Is a Flower at the Tip of My Nose Smelling Me,Alice Walker,2006,children|nature|spirituality,3.8
book,Why War Is Never a Good Idea,Alice Walker,2007,children|peace|activism,4.0
book,Sweet People Are Everywhere,Alice Walker,2021,children|kindness|connection,4.1
book,Mama Day,Gloria Naylor,1988,contemporary|magical realism|family,4.1
book,Bailey's Cafe,Gloria Naylor,1992,contemporary|magical realism|community,4.0
book,The Men of Brewster Place,Gloria Naylor,1998,contemporary|masculinity|community,3.9
book,1996,Gloria Naylor,2005,contemporary|history|reflection,3.8
book,Kindred,Octavia Butler,1979,sci-fi|historical fiction|race,4.4
book,Parable of the Sower,Octavia Butler,1993,dystopian|sci-fi|feminism,4.3
book,Parable of the Talents,Octavia Butler,1998,dystopian|sci-fi|feminism,4.2
book,Wild Seed,Octavia Butler,1980,sci-fi|fantasy|romance,4.1
book,Mind of My Mind,Octavia Butler,1977,sci-fi|fantasy|family,4.0
book,Clay's Ark,Octavia Butler,1984,sci-fi|horror|family,3.9
book,Patternmaster,Octavia Butler,1976,sci-fi|fantasy|power,3.8
book,Survivor,Octavia Butler,1978,sci-fi|adventure|survival,3.9
book,Fledgling,Octavia Butler,2005,sci-fi|fantasy|coming-of-age,4.0
book,Bloodchild and Other Stories,Octavia Butler,1995,sci-fi|short stories|feminism,4.1
book,Seed to Harvest,Octavia Butler,2007,sci-fi|fantasy|collection,4.0
book,Lilith's Brood,Octavia Butler,2000,sci-fi|fantasy|collection,4.1
book,The Parable Series,Octavia Butler,2007,sci-fi|dystopian|collection,4.2
book,The Complete Stories,Flannery O'Connor,1971,short stories|southern gothic|religion,4.3
book,Wise Blood,Flannery O'Connor,1952,contemporary|religion|southern gothic,4.1
book,The Violent Bear It Away,Flannery O'Connor,1960,contemporary|religion|southern gothic,4.0
book,A Good Man Is Hard to Find,Flannery O'Connor,1955,short stories|southern gothic|religion,4.2
book,Everything That Rises Must Converge,Flannery O'Connor,1965,short stories|southern gothic|religion,4.1
book,Mystery and Manners,Flannery O'Connor,1969,essays|writing|literature,4.0
book,The Habit of Being,Flannery O'Connor,1979,letters|biography|literature,4.1
book,A Prayer Journal,Flannery O'Connor,2013,journal|religion|spirituality,4.0
book,The Complete Stories,Eudora Welty,1980,short stories|southern|family,4.2
book,Delta Wedding,Eudora Welty,1946,contemporary|family|southern,4.0
book,The Optimist's Daughter,Eudora Welty,1972,contemporary|family|grief,4.1
book,Losing Battles,Eudora Welty,1970,contemporary|family|southern,4.0
book,The Robber Bridegroom,Eudora Welty,1942,fantasy|fairy tale|southern,3.9
book,The Ponder Heart,Eudora Welty,1954,contemporary|family|southern,4.0
book,One Writer's Beginnings,Eudora Welty,1984,memoir|writing|family,4.1
book,The Eye of the Story,Eudora Welty,1978,essays|writing|literature,4.0
book,The Golden Apples,Eudora Welty,1949,short stories|southern|community,4.1
book,The Wide Net,Eudora Welty,1943,short stories|southern|family,4.0
book,A Curtain of Green,Eudora Welty,1941,short stories|southern|family,4.1
book,The Bride of the Innisfallen,Eudora Welty,1955,short stories|southern|family,4.0
book,The Collected Stories,Eudora Welty,1980,short stories|southern|collection,4.2
book,The Norton Book of Friendship,Eudora Welty,1991,anthology|friendship|literature,4.0
book,The Norton Book of American Autobiography,Eudora Welty,1991,anthology|autobiography|american,4.1
book,1984,George Orwell,1949,dystopian|sci-fi|political,4.5
book,Animal Farm,George Orwell,1945,allegory|political|satire,4.4
book,Brave New World,Aldous Huxley,1932,dystopian|sci-fi|social commentary,4.3
book,Fahrenheit 451,Ray Bradbury,1953,dystopian|sci-fi|censorship,4.4
book,The Catcher in the Rye,J.D. Salinger,1951,coming-of-age|contemporary|rebellion,4.2
book,To Kill a Mockingbird,Harper Lee,1960,historical fiction|social justice|race,4.5
book,The Adventures of Huckleberry Finn,Mark Twain,1885,adventure|coming-of-age|social commentary,4.3
book,The Great Gatsby,F. Scott Fitzgerald,1925,classic|romance|social commentary,4.4
book,Of Mice and Men,John Steinbeck,1937,classic|drama|friendship,4.3
book,The Grapes of Wrath,John Steinbeck,1939,historical fiction|social commentary|family,4.4
book,Lord of the Flies,William Golding,1954,allegory|survival|psychological,4.2
book,The Lord of the Rings,J.R.R. Tolkien,1954,fantasy|adventure|epic,4.6
book,The Hobbit,J.R.R. Tolkien,1937,fantasy|adventure|quest,4.5
book,The Chronicles of Narnia,C.S. Lewis,1950,fantasy|adventure|children,4.4
book,A Clockwork Orange,Anthony Burgess,1962,dystopian|sci-fi|psychological,4.1
book,Lolita,Vladimir Nabokov,1955,contemporary|psychological|controversial,4.2
book,The Satanic Verses,Salman Rushdie,1988,contemporary|magical realism|religious,4.1
book,The Handmaid's Tale,Margaret Atwood,1985,dystopian|feminism|social commentary,4.4
book,Beloved,Toni Morrison,1987,historical fiction|magical realism|slavery,4.4
book,The Color Purple,Alice Walker,1982,historical fiction|feminism|race,4.5
book,Native Son,Richard Wright,1940,contemporary|social commentary|race,4.3
book,Invisible Man,Ralph Ellison,1952,contemporary|social commentary|identity,4.4
book,Go Tell It on the Mountain,James Baldwin,1953,contemporary|religious|family,4.2
book,Giovanni's Room,James Baldwin,1956,contemporary|lgbtq|romance,4.3
book,Another Country,James Baldwin,1962,contemporary|social commentary|romance,4.1
book,If Beale Street Could Talk,James Baldwin,1974,contemporary|romance|social justice,4.2
book,The Autobiography of Malcolm X,Malcolm X,1965,autobiography|civil rights|social justice,4.5
book,The Fire Next Time,James Baldwin,1963,essays|civil rights|social commentary,4.4
book,Notes of a Native Son,James Baldwin,1955,essays|social commentary|identity,4.3
book,Nobody Knows My Name,James Baldwin,1961,essays|social commentary|race,4.2
book,The Devil Finds Work,James Baldwin,1976,essays|film|social commentary,4.1
book,No Name in the Street,James Baldwin,1972,memoir|civil rights|social justice,4.2
book,The Evidence of Things Not Seen,James Baldwin,1985,true crime|social commentary|justice,4.0
book,The Price of the Ticket,James Baldwin,1985,essays|social commentary|civil rights,4.1
book,The Cross of Redemption,James Baldwin,2010,essays|social commentary|civil rights,4.0
book,I Am Not Your Negro,James Baldwin,2017,essays|social commentary|civil rights,4.3
book,The Women of Brewster Place,Gloria Naylor,1982,contemporary|feminism|community,4.2
book,Linden Hills,Gloria Naylor,1985,contemporary|social commentary|community,4.0
book,Mama Day,Gloria Naylor,1988,contemporary|magical realism|family,4.1
book,Bailey's Cafe,Gloria Naylor,1992,contemporary|magical realism|community,4.0
book,The Men of Brewster Place,Gloria Naylor,1998,contemporary|masculinity|community,3.9
book,1996,Gloria Naylor,2005,contemporary|historical|reflection,3.8
book,Kindred,Octavia Butler,1979,sci-fi|historical fiction|slavery,4.4
book,Parable of the Sower,Octavia Butler,1993,dystopian|sci-fi|feminism,4.3
book,Parable of the Talents,Octavia Butler,1998,dystopian|sci-fi|feminism,4.2
book,Wild Seed,Octavia Butler,1980,sci-fi|fantasy|romance,4.1
book,Mind of My Mind,Octavia Butler,1977,sci-fi|fantasy|family,4.0
book,Clay's Ark,Octavia Butler,1984,sci-fi|horror|family,3.9
book,Patternmaster,Octavia Butler,1976,sci-fi|fantasy|power,3.8
book,Survivor,Octavia Butler,1978,sci-fi|adventure|survival,3.9
book,Fledgling,Octavia Butler,2005,sci-fi|fantasy|coming-of-age,4.0
book,Bloodchild and Other Stories,Octavia Butler,1995,sci-fi|short stories|feminism,4.1
book,Seed to Harvest,Octavia Butler,2007,sci-fi|fantasy|collection,4.0
book,Lilith's Brood,Octavia Butler,2000,sci-fi|fantasy|collection,4.1
book,The Parable Series,Octavia Butler,2007,sci-fi|dystopian|collection,4.2
book,The Complete Stories,Flannery O'Connor,1971,short stories|southern gothic|religion,4.3
book,Wise Blood,Flannery O'Connor,1952,contemporary|religious|southern gothic,4.1
book,The Violent Bear It Away,Flannery O'Connor,1960,contemporary|religious|southern gothic,4.0
book,A Good Man Is Hard to Find,Flannery O'Connor,1955,short stories|southern gothic|religion,4.2
book,Everything That Rises Must Converge,Flannery O'Connor,1965,short stories|southern gothic|religion,4.1
book,Mystery and Manners,Flannery O'Connor,1969,essays|writing|literature,4.0
book,The Habit of Being,Flannery O'Connor,1979,letters|biography|literature,4.1
book,A Prayer Journal,Flannery O'Connor,2013,journal|religious|spirituality,4.0
book,The Complete Stories,Eudora Welty,1980,short stories|southern|family,4.2
book,Delta Wedding,Eudora Welty,1946,contemporary|family|southern,4.0
book,The Optimist's Daughter,Eudora Welty,1972,contemporary|family|grief,4.1
book,Losing Battles,Eudora Welty,1970,contemporary|family|southern,4.0
book,The Robber Bridegroom,Eudora Welty,1942,fantasy|fairy tale|southern,3.9
book,The Ponder Heart,Eudora Welty,1954,contemporary|family|southern,4.0
book,One Writer's Beginnings,Eudora Welty,1984,memoir|writing|family,4.1
book,The Eye of the Story,Eudora Welty,1978,essays|writing|literature,4.0
book,The Golden Apples,Eudora Welty,1949,short stories|southern|community,4.1
book,The Wide Net,Eudora Welty,1943,short stories|southern|family,4.0
book,A Curtain of Green,Eudora Welty,1941,short stories|southern|family,4.1
book,The Bride of the Innisfallen,Eudora Welty,1955,short stories|southern|family,4.0
book,The Collected Stories,Eudora Welty,1980,short stories|southern|collection,4.2
book,The Norton Book of Friendship,Eudora Welty,1991,anthology|friendship|literature,4.0
book,The Norton Book of American Autobiography,Eudora Welty,1991,anthology|autobiography|american,4.1
book,1984,George Orwell,1949,dystopian|sci-fi|political,4.5
book,Animal Farm,George Orwell,1945,allegory|political|satire,4.4
book,Brave New World,Aldous Huxley,1932,dystopian|sci-fi|social commentary,4.3
book,Fahrenheit 451,Ray Bradbury,1953,dystopian|sci-fi|censorship,4.4
book,The Catcher in the Rye,J.D. Salinger,1951,coming-of-age|contemporary|rebellion,4.2
book,To Kill a Mockingbird,Harper Lee,1960,historical fiction|social justice|race,4.5
book,The Adventures of Huckleberry Finn,Mark Twain,1885,adventure|coming-of-age|social commentary,4.3
book,The Great Gatsby,F. Scott Fitzgerald,1925,classic|romance|social commentary,4.4
book,Of Mice and Men,John Steinbeck,1937,classic|drama|friendship,4.3
book,The Grapes of Wrath,John Steinbeck,1939,historical fiction|social commentary|family,4.4
book,Lord of the Flies,William Golding,1954,allegory|survival|psychological,4.2
book,The Lord of the Rings,J.R.R. Tolkien,1954,fantasy|adventure|epic,4.6
book,The Hobbit,J.R.R. Tolkien,1937,fantasy|adventure|quest,4.5
book,The Chronicles of Narnia,C.S. Lewis,1950,fantasy|adventure|children,4.4
book,A Clockwork Orange,Anthony Burgess,1962,dystopian|sci-fi|psychological,4.1
book,Lolita,Vladimir Nabokov,1955,contemporary|psychological|controversial,4.2
book,The Satanic Verses,Salman Rushdie,1988,contemporary|magical realism|religious,4.1
book,The Handmaid's Tale,Margaret Atwood,1985,dystopian|feminism|social commentary,4.4
book,Beloved,Toni Morrison,1987,historical fiction|magical realism|slavery,4.4
book,The Color Purple,Alice Walker,1982,historical fiction|feminism|race,4.5
book,Native Son,Richard Wright,1940,contemporary|social commentary|race,4.3
book,Invisible Man,Ralph Ellison,1952,contemporary|social commentary|identity,4.4
book,Go Tell It on the Mountain,James Baldwin,1953,contemporary|religious|family,4.2
book,Giovanni's Room,James Baldwin,1956,contemporary|lgbtq|romance,4.3
book,Another Country,James Baldwin,1962,contemporary|social commentary|romance,4.1
book,If Beale Street Could Talk,James Baldwin,1974,contemporary|romance|social justice,4.2
book,The Autobiography of Malcolm X,Malcolm X,1965,autobiography|civil rights|social justice,4.5
book,The Fire Next Time,James Baldwin,1963,essays|civil rights|social commentary,4.4
book,Notes of a Native Son,James Baldwin,1955,essays|social commentary|identity,4.3
book,Nobody Knows My Name,James Baldwin,1961,essays|social commentary|race,4.2
book,The Devil Finds Work,James Baldwin,1976,essays|film|social commentary,4.1
book,No Name in the Street,James Baldwin,1972,memoir|civil rights|social justice,4.2
book,The Evidence of Things Not Seen,James Baldwin,1985,true crime|social commentary|justice,4.0
book,The Price of the Ticket,James Baldwin,1985,essays|social commentary|civil rights,4.1
book,The Cross of Redemption,James Baldwin,2010,essays|social commentary|civil rights,4.0
book,I Am Not Your Negro,James Baldwin,2017,essays|social commentary|civil rights,4.3
book,The Women of Brewster Place,Gloria Naylor,1982,contemporary|feminism|community,4.2
book,Linden Hills,Gloria Naylor,1985,contemporary|social commentary|community,4.0
book,Mama Day,Gloria Naylor,1988,contemporary|magical realism|family,4.1
book,Bailey's Cafe,Gloria Naylor,1992,contemporary|magical realism|community,4.0
book,The Men of Brewster Place,Gloria Naylor,1998,contemporary|masculinity|community,3.9
book,1996,Gloria Naylor,2005,contemporary|historical|reflection,3.8
book,Kindred,Octavia Butler,1979,sci-fi|historical fiction|slavery,4.4
book,Parable of the Sower,Octavia Butler,1993,dystopian|sci-fi|feminism,4.3
book,Parable of the Talents,Octavia Butler,1998,dystopian|sci-fi|feminism,4.2
book,Wild Seed,Octavia Butler,1980,sci-fi|fantasy|romance,4.1
book,Mind of My Mind,Octavia Butler,1977,sci-fi|fantasy|family,4.0
book,Clay's Ark,Octavia Butler,1984,sci-fi|horror|family,3.9
book,Patternmaster,Octavia Butler,1976,sci-fi|fantasy|power,3.8
book,Survivor,Octavia Butler,1978,sci-fi|adventure|survival,3.9
book,Fledgling,Octavia Butler,2005,sci-fi|fantasy|coming-of-age,4.0
book,Bloodchild and Other Stories,Octavia Butler,1995,sci-fi|short stories|feminism,4.1
book,Seed to Harvest,Octavia Butler,2007,sci-fi|fantasy|collection,4.0
book,Lilith's Brood,Octavia Butler,2000,sci-fi|fantasy|collection,4.1
book,The Parable Series,Octavia Butler,2007,sci-fi|dystopian|collection,4.2
book,The Complete Stories,Flannery O'Connor,1971,short stories|southern gothic|religion,4.3
book,Wise Blood,Flannery O'Connor,1952,contemporary|religion|southern gothic,4.1
book,The Violent Bear It Away,Flannery O'Connor,1960,contemporary|religion|southern gothic,4.0
book,A Good Man Is Hard to Find,Flannery O'Connor,1955,short stories|southern gothic|religion,4.2
book,Everything That Rises Must Converge,Flannery O'Connor,1965,short stories|southern gothic|religion,4.1
book,Mystery and Manners,Flannery O'Connor,1969,essays|writing|literature,4.0
book,The Habit of Being,Flannery O'Connor,1979,letters|biography|literature,4.1
book,A Prayer Journal,Flannery O'Connor,2013,journal|religion|spirituality,4.0
book,The Complete Stories,Eudora Welty,1980,short stories|southern|family,4.2
book,Delta Wedding,Eudora Welty,1946,contemporary|family|southern,4.0
book,The Optimist's Daughter,Eudora Welty,1972,contemporary|family|grief,4.1
book,Losing Battles,Eudora Welty,1970,contemporary|family|southern,4.0
book,The Robber Bridegroom,Eudora Welty,1942,fantasy|fairy tale|southern,3.9
book,The Ponder Heart,Eudora Welty,1954,contemporary|family|southern,4.0
book,One Writer's Beginnings,Eudora Welty,1984,memoir|writing|family,4.1
book,The Eye of the Story,Eudora Welty,1978,essays|writing|literature,4.0
book,The Golden Apples,Eudora Welty,1949,short stories|southern|community,4.1
book,The Wide Net,Eudora Welty,1943,short stories|southern|family,4.0
book,A Curtain of Green,Eudora Welty,1941,short stories|southern|family,4.1
book,The Bride of the Innisfallen,Eudora Welty,1955,short stories|southern|family,4.0
book,The Collected Stories,Eudora Welty,1980,short stories|southern|collection,4.2
book,The Norton Book of Friendship,Eudora Welty,1991,anthology|friendship|literature,4.0
book,The Norton Book of American Autobiography,Eudora Welty,1991,anthology|autobiography|american,4.1
book,The Joy of Cooking,Irma S. Rombauer,1931,cookbook|reference|non-fiction,4.5
book,Mastering the Art of French Cooking,Julia Child,1961,cookbook|french|non-fiction,4.6
book,The Fannie Farmer Cookbook,Fannie Farmer,1896,cookbook|classic|non-fiction,4.4
book,The Silver Palate Cookbook,Julee Rosso and Sheila Lukins,1982,cookbook|entertaining|non-fiction,4.3
book,The Moosewood Cookbook,Mollie Katzen,1977,cookbook|vegetarian|non-fiction,4.2
book,The New York Times Cookbook,Craig Claiborne,1961,cookbook|reference|non-fiction,4.3
book,The Art of Simple Food,Alice Waters,2007,cookbook|organic|non-fiction,4.4
book,How to Cook Everything,Mark Bittman,1998,cookbook|reference|non-fiction,4.5
book,The Professional Chef,The Culinary Institute of America,1976,cookbook|professional|non-fiction,4.6
book,Larousse Gastronomique,Prosper Montagné,1938,cookbook|encyclopedia|non-fiction,4.7
book,"Salt, Fat, Acid, Heat",Samin Nosrat,2017,cookbook|technique|non-fiction,4.6
book,The Food Lab,J. Kenji López-Alt,2015,cookbook|science|non-fiction,4.7
book,My Life in France,Julia Child,2006,memoir|cooking|non-fiction,4.4
book,Barefoot Contessa Cookbook,Ina Garten,1999,cookbook|entertaining|non-fiction,4.3
book,The Pioneer Woman Cooks,Ree Drummond,2009,cookbook|country|non-fiction,4.2
book,Magnolia Table,Joanna Gaines,2018,cookbook|family|non-fiction,4.1
book,Cravings,Chrissy Teigen,2016,cookbook|modern|non-fiction,4.2
book,The Smitten Kitchen Cookbook,Deb Perelman,2012,cookbook|home cooking|non-fiction,4.3
book,Dinner: A Love Story,Jenny Rosenstrach,2012,cookbook|family|non-fiction,4.1
book,The Sprouted Kitchen,Sara Forte,2012,cookbook|healthy|non-fiction,4.2
book,The Complete Asian Cookbook,Charmaine Solomon,1976,cookbook|asian|non-fiction,4.4
book,Essentials of Classic Italian Cooking,Marcella Hazan,1992,cookbook|italian|non-fiction,4.5
book,The Complete Mexican Cookbook,Diana Kennedy,1989,cookbook|mexican|non-fiction,4.4
book,The Complete Indian Cookbook,Madhur Jaffrey,1982,cookbook|indian|non-fiction,4.3
book,The Complete Middle Eastern Cookbook,Tess Mallos,1979,cookbook|middle eastern|non-fiction,4.2
book,The Complete Chinese Cookbook,Ken Hom,1984,cookbook|chinese|non-fiction,4.3
book,The Complete Thai Cookbook,David Thompson,2002,cookbook|thai|non-fiction,4.2
book,The Complete Japanese Cookbook,Emi Kazuko,2000,cookbook|japanese|non-fiction,4.3
book,The Complete Korean Cookbook,Jung S. Lee,1999,cookbook|korean|non-fiction,4.2
book,The Complete Vietnamese Cookbook,Ghillie Basan,2001,cookbook|vietnamese|non-fiction,4.1
book,The Complete Vegetarian Cookbook,America's Test Kitchen,2015,cookbook|vegetarian|non-fiction,4.4
book,The Complete Vegan Cookbook,Isa Chandra Moskowitz,2005,cookbook|vegan|non-fiction,4.3
book,The Complete Gluten-Free Cookbook,America's Test Kitchen,2014,cookbook|gluten-free|non-fiction,4.2
book,The Complete Keto Cookbook,America's Test Kitchen,2019,cookbook|keto|non-fiction,4.1
book,The Complete Paleo Cookbook,America's Test Kitchen,2018,cookbook|paleo|non-fiction,4.0
book,The Complete Mediterranean Cookbook,America's Test Kitchen,2016,cookbook|mediterranean|non-fiction,4.3
book,The Complete Diabetes Cookbook,America's Test Kitchen,2017,cookbook|diabetes|non-fiction,4.2
book,The Complete Heart-Healthy Cookbook,America's Test Kitchen,2018,cookbook|heart-healthy|non-fiction,4.1
book,The Complete Low-Sodium Cookbook,America's Test Kitchen,2019,cookbook|low-sodium|non-fiction,4.0
book,The Complete Anti-Inflammatory Cookbook,America's Test Kitchen,2020,cookbook|anti-inflammatory|non-fiction,4.1
book,The Complete Baking Book,America's Test Kitchen,2013,cookbook|baking|non-fiction,4.5
book,The Complete Cake Book,America's Test Kitchen,2014,cookbook|baking|non-fiction,4.4
book,The Complete Cookie Book,America's Test Kitchen,2015,cookbook|baking|non-fiction,4.3
book,The Complete Bread Book,America's Test Kitchen,2016,cookbook|baking|non-fiction,4.4
book,The Complete Pie Book,America's Test Kitchen,2017,cookbook|baking|non-fiction,4.3
book,The Complete Pastry Book,America's Test Kitchen,2018,cookbook|baking|non-fiction,4.2
book,The Complete Chocolate Book,America's Test Kitchen,2019,cookbook|baking|non-fiction,4.3
book,The Complete Ice Cream Book,America's Test Kitchen,2020,cookbook|baking|non-fiction,4.1
book,The Complete Candy Book,America's Test Kitchen,2021,cookbook|baking|non-fiction,4.0
book,The Complete Confectionery Book,America's Test Kitchen,2022,cookbook|baking|non-fiction,4.1
book,The Complete Home Improvement Manual,Reader's Digest,1991,instructional|home improvement|non-fiction,4.3
book,The Complete Gardener's Manual,Reader's Digest,1992,instructional|gardening|non-fiction,4.4
book,The Complete Woodworker's Manual,Reader's Digest,1993,instructional|woodworking|non-fiction,4.2
book,The Complete Sewing Manual,Reader's Digest,1994,instructional|sewing|non-fiction,4.1
book,The Complete Knitting Manual,Reader's Digest,1995,instructional|knitting|non-fiction,4.0
book,The Complete Crochet Manual,Reader's Digest,1996,instructional|crochet|non-fiction,4.1
book,The Complete Quilting Manual,Reader's Digest,1997,instructional|quilting|non-fiction,4.2
book,The Complete Embroidery Manual,Reader's Digest,1998,instructional|embroidery|non-fiction,4.0
book,The Complete Beading Manual,Reader's Digest,1999,instructional|beading|non-fiction,3.9
book,The Complete Jewelry Making Manual,Reader's Digest,2000,instructional|jewelry|non-fiction,4.1
book,The Complete Computer Manual,Reader's Digest,2001,instructional|computers|non-fiction,4.2
book,The Complete Internet Manual,Reader's Digest,2002,instructional|internet|non-fiction,4.1
book,The Complete Smartphone Manual,Reader's Digest,2003,instructional|smartphones|non-fiction,4.0
book,The Complete Tablet Manual,Reader's Digest,2004,instructional|tablets|non-fiction,3.9
book,The Complete Social Media Manual,Reader's Digest,2005,instructional|social media|non-fiction,4.1
book,The Complete Photography Manual,Reader's Digest,2006,instructional|photography|non-fiction,4.3
book,The Complete Video Editing Manual,Reader's Digest,2007,instructional|video editing|non-fiction,4.2
book,The Complete Graphic Design Manual,Reader's Digest,2008,instructional|graphic design|non-fiction,4.1
book,The Complete Web Design Manual,Reader's Digest,2009,instructional|web design|non-fiction,4.0
book,The Complete App Development Manual,Reader's Digest,2010,instructional|app development|non-fiction,4.1
book,The Complete Fitness Manual,Reader's Digest,2011,instructional|fitness|non-fiction,4.3
book,The Complete Yoga Manual,Reader's Digest,2012,instructional|yoga|non-fiction,4.2
book,The Complete Pilates Manual,Reader's Digest,2013,instructional|pilates|non-fiction,4.1
book,The Complete Meditation Manual,Reader's Digest,2014,instructional|meditation|non-fiction,4.2
book,The Complete Nutrition Manual,Reader's Digest,2015,instructional|nutrition|non-fiction,4.3
book,The Complete First Aid Manual,Reader's Digest,2016,instructional|first aid|non-fiction,4.4
book,The Complete Emergency Preparedness Manual,Reader's Digest,2017,instructional|emergency|non-fiction,4.2
book,The Complete Survival Manual,Reader's Digest,2018,instructional|survival|non-fiction,4.1
book,The Complete Self-Defense Manual,Reader's Digest,2019,instructional|self-defense|non-fiction,4.0
book,The Complete Mental Health Manual,Reader's Digest,2020,instructional|mental health|non-fiction,4.3
book,The Complete Business Manual,Reader's Digest,2021,instructional|business|non-fiction,4.2
book,The Complete Finance Manual,Reader's Digest,2022,instructional|finance|non-fiction,4.3
book,The Complete Investment Manual,Reader's Digest,2023,instructional|investing|non-fiction,4.1
book,The Complete Tax Manual,Reader's Digest,2024,instructional|taxes|non-fiction,4.0
book,The Complete Retirement Planning Manual,Reader's Digest,2025,instructional|retirement|non-fiction,4.2
book,The Complete Estate Planning Manual,Reader's Digest,2026,instructional|estate planning|non-fiction,4.1
book,The Complete Insurance Manual,Reader's Digest,2027,instructional|insurance|non-fiction,4.0
book,The Complete Real Estate Manual,Reader's Digest,2028,instructional|real estate|non-fiction,4.1
book,The Complete Marketing Manual,Reader's Digest,2029,instructional|marketing|non-fiction,4.2
book,The Complete Sales Manual,Reader's Digest,2030,instructional|sales|non-fiction,4.1
book,The Notebook,Nicholas Sparks,1996,romance|contemporary|fiction,4.2
book,A Walk to Remember,Nicholas Sparks,1999,romance|young adult|fiction,4.1
book,The Last Song,Nicholas Sparks,2009,romance|contemporary|fiction,4.0
book,Message in a Bottle,Nicholas Sparks,1998,romance|contemporary|fiction,4.1
book,Dear John,Nicholas Sparks,2006,romance|contemporary|fiction,4.0
book,The Lucky One,Nicholas Sparks,2008,romance|contemporary|fiction,4.1
book,Safe Haven,Nicholas Sparks,2010,romance|contemporary|fiction,4.0
book,The Best of Me,Nicholas Sparks,2011,romance|contemporary|fiction,4.1
book,The Longest Ride,Nicholas Sparks,2013,romance|contemporary|fiction,4.0
book,See Me,Nicholas Sparks,2015,romance|contemporary|fiction,4.1
book,The Duke and I,Julia Quinn,2000,romance|historical|fiction,4.3
book,The Viscount Who Loved Me,Julia Quinn,2000,romance|historical|fiction,4.2
book,An Offer From a Gentleman,Julia Quinn,2001,romance|historical|fiction,4.2
book,Romancing Mister Bridgerton,Julia Quinn,2002,romance|historical|fiction,4.3
book,"To Sir Phillip, With Love",Julia Quinn,2003,romance|historical|fiction,4.1
book,When He Was Wicked,Julia Quinn,2004,romance|historical|fiction,4.2
book,It's In His Kiss,Julia Quinn,2005,romance|historical|fiction,4.1
book,On the Way to the Wedding,Julia Quinn,2006,romance|historical|fiction,4.2
book,The Other Miss Bridgerton,Julia Quinn,2018,romance|historical|fiction,4.0
book,First Comes Scandal,Julia Quinn,2020,romance|historical|fiction,4.1
book,Beach Read,Emily Henry,2020,romance|contemporary|fiction,4.2
book,People We Meet on Vacation,Emily Henry,2021,romance|contemporary|fiction,4.1
book,Book Lovers,Emily Henry,2022,romance|contemporary|fiction,4.3
book,Happy Place,Emily Henry,2023,romance|contemporary|fiction,4.2
book,Funny Story,Emily Henry,2024,romance|contemporary|fiction,4.1
book,The Hating Game,Sally Thorne,2016,romance|contemporary|fiction,4.2
book,99 Percent Mine,Sally Thorne,2019,romance|contemporary|fiction,4.0
book,Second First Impressions,Sally Thorne,2021,romance|contemporary|fiction,4.1
book,The Unhoneymooners,Christina Lauren,2019,romance|contemporary|fiction,4.2
book,The Soulmate Equation,Christina Lauren,2021,romance|contemporary|fiction,4.1
book,Carrie,Stephen King,1974,horror|supernatural|fiction,4.2
book,Salem's Lot,Stephen King,1975,horror|supernatural|fiction,4.3
book,The Shining,Stephen King,1977,horror|supernatural|fiction,4.4
book,The Stand,Stephen King,1978,horror|apocalyptic|fiction,4.5
book,The Dead Zone,Stephen King,1979,horror|supernatural|fiction,4.2
book,Firestarter,Stephen King,1980,horror|supernatural|fiction,4.1
book,Cujo,Stephen King,1981,horror|thriller|fiction,4.0
book,Christine,Stephen King,1983,horror|supernatural|fiction,4.1
book,Pet Sematary,Stephen King,1983,horror|supernatural|fiction,4.3
book,It,Stephen King,1986,horror|supernatural|fiction,4.4
book,Misery,Stephen King,1987,horror|psychological|fiction,4.3
book,The Tommyknockers,Stephen King,1987,horror|sci-fi|fiction,4.0
book,The Dark Half,Stephen King,1989,horror|supernatural|fiction,4.1
book,Needful Things,Stephen King,1991,horror|supernatural|fiction,4.2
book,Gerald's Game,Stephen King,1992,horror|psychological|fiction,4.1
book,Dolores Claiborne,Stephen King,1992,horror|mystery|fiction,4.2
book,Insomnia,Stephen King,1994,horror|supernatural|fiction,4.1
book,Rose Madder,Stephen King,1995,horror|supernatural|fiction,4.0
book,The Green Mile,Stephen King,1996,horror|supernatural|fiction,4.4
book,Bag of Bones,Stephen King,1998,horror|supernatural|fiction,4.2
book,The Haunting of Hill House,Shirley Jackson,1959,horror|gothic|fiction,4.3
book,We Have Always Lived in the Castle,Shirley Jackson,1962,horror|gothic|fiction,4.2
book,The Lottery and Other Stories,Shirley Jackson,1949,horror|short stories|fiction,4.1
book,The Turn of the Screw,Henry James,1898,horror|gothic|fiction,4.0
book,Dracula,Bram Stoker,1897,horror|gothic|fiction,4.2
book,Frankenstein,Mary Shelley,1818,horror|gothic|sci-fi|fiction,4.3
book,The Strange Case of Dr. Jekyll and Mr. Hyde,Robert Louis Stevenson,1886,horror|gothic|fiction,4.1
book,The Picture of Dorian Gray,Oscar Wilde,1890,horror|gothic|fiction,4.2
book,The Phantom of the Opera,Gaston Leroux,1909,horror|gothic|romance|fiction,4.1
book,The Call of Cthulhu,H.P. Lovecraft,1928,horror|cosmic|fiction,4.0
book,The Cat in the Hat,Dr. Seuss,1957,children|picture book|fiction,4.5
book,Green Eggs and Ham,Dr. Seuss,1960,children|picture book|fiction,4.4
book,How the Grinch Stole Christmas!,Dr. Seuss,1957,children|picture book|christmas|fiction,4.6
book,One Fish Two Fish Red Fish Blue Fish,Dr. Seuss,1960,children|picture book|fiction,4.3
book,The Lorax,Dr. Seuss,1971,children|picture book|environmental|fiction,4.4
book,"Oh, the Places You'll Go!",Dr. Seuss,1990,children|picture book|inspirational|fiction,4.5
book,Horton Hears a Who!,Dr. Seuss,1954,children|picture book|fiction,4.3
book,Yertle the Turtle,Dr. Seuss,1958,children|picture book|fiction,4.2
book,Fox in Socks,Dr. Seuss,1965,children|picture book|fiction,4.1
book,Hop on Pop,Dr. Seuss,1963,children|picture book|fiction,4.2
book,Charlie and the Chocolate Factory,Roald Dahl,1964,children|fantasy|fiction,4.5
book,Charlie and the Great Glass Elevator,Roald Dahl,1972,children|fantasy|fiction,4.2
book,James and the Giant Peach,Roald Dahl,1961,children|fantasy|fiction,4.3
book,Matilda,Roald Dahl,1988,children|fantasy|fiction,4.4
book,The BFG,Roald Dahl,1982,children|fantasy|fiction,4.3
book,The Witches,Roald Dahl,1983,children|fantasy|horror|fiction,4.2
book,Fantastic Mr. Fox,Roald Dahl,1970,children|fantasy|fiction,4.1
book,The Twits,Roald Dahl,1980,children|fantasy|fiction,4.0
book,George's Marvellous Medicine,Roald Dahl,1981,children|fantasy|fiction,4.1
book,"Danny, the Champion of the World",Roald Dahl,1975,children|adventure|fiction,4.2
book,Charlotte's Web,E.B. White,1952,children|classic|fiction,4.5
book,Stuart Little,E.B. White,1945,children|fantasy|fiction,4.2
book,The Trumpet of the Swan,E.B. White,1970,children|fantasy|fiction,4.1
book,The Wind in the Willows,Kenneth Grahame,1908,children|fantasy|fiction,4.3
book,Winnie-the-Pooh,A.A. Milne,1926,children|fantasy|fiction,4.4
book,The House at Pooh Corner,A.A. Milne,1928,children|fantasy|fiction,4.3
book,Alice's Adventures in Wonderland,Lewis Carroll,1865,children|fantasy|classic|fiction,4.4
book,Through the Looking-Glass,Lewis Carroll,1871,children|fantasy|classic|fiction,4.3
book,Peter Pan,J.M. Barrie,1911,children|fantasy|classic|fiction,4.3
book,The Secret Garden,Frances Hodgson Burnett,1911,children|classic|fiction,4.4
book,Hamlet,William Shakespeare,1603,drama|tragedy|classic|fiction,4.6
book,Romeo and Juliet,William Shakespeare,1597,drama|tragedy|romance|classic|fiction,4.5
book,Macbeth,William Shakespeare,1606,drama|tragedy|classic|fiction,4.5
book,King Lear,William Shakespeare,1606,drama|tragedy|classic|fiction,4.4
book,Othello,William Shakespeare,1604,drama|tragedy|classic|fiction,4.4
book,A Midsummer Night's Dream,William Shakespeare,1596,drama|comedy|fantasy|classic|fiction,4.3
book,Much Ado About Nothing,William Shakespeare,1599,drama|comedy|romance|classic|fiction,4.3
book,The Taming of the Shrew,William Shakespeare,1592,drama|comedy|romance|classic|fiction,4.2
book,Twelfth Night,William Shakespeare,1602,drama|comedy|romance|classic|fiction,4.3
book,The Tempest,William Shakespeare,1611,drama|comedy|fantasy|classic|fiction,4.3
book,The Complete Poems of Emily Dickinson,Emily Dickinson,1955,poetry|classic|non-fiction,4.4
book,Leaves of Grass,Walt Whitman,1855,poetry|classic|non-fiction,4.3
book,The Collected Poems of Robert Frost,Robert Frost,1939,poetry|classic|non-fiction,4.4
book,The Waste Land,T.S. Eliot,1922,poetry|modernist|classic|non-fiction,4.2
book,The Love Song of J. Alfred Prufrock,T.S. Eliot,1915,poetry|modernist|classic|non-fiction,4.1
book,The Raven and Other Poems,Edgar Allan Poe,1845,poetry|gothic|classic|non-fiction,4.3
book,Songs of Innocence and Experience,William Blake,1789,poetry|romantic|classic|non-fiction,4.2
book,The Rime of the Ancient Mariner,Samuel Taylor Coleridge,1798,poetry|romantic|classic|non-fiction,4.1
book,Paradise Lost,John Milton,1667,poetry|epic|classic|non-fiction,4.3
book,The Divine Comedy,Dante Alighieri,1320,poetry|epic|classic|non-fiction,4.4
book,Shane,Jack Schaefer,1949,western|classic|fiction,4.3
book,True Grit,Charles Portis,1968,western|adventure|fiction,4.2
book,Lonesome Dove,Larry McMurtry,1985,western|historical|fiction,4.5
book,The Virginian,Owen Wister,1902,western|classic|fiction,4.1
book,Riders of the Purple Sage,Zane Grey,1912,western|classic|fiction,4.0
book,The Ox-Bow Incident,Walter Van Tilburg Clark,1940,western|classic|fiction,4.2
book,The Big Sky,A.B. Guthrie Jr.,1947,western|historical|fiction,4.1
book,The Way West,A.B. Guthrie Jr.,1949,western|historical|fiction,4.2
book,The Searchers,Alan Le May,1954,western|adventure|fiction,4.1
book,Hondo,Louis L'Amour,1953,western|adventure|fiction,4.0
book,Sackett,Louis L'Amour,1961,western|adventure|fiction,4.1
book,The Daybreakers,Louis L'Amour,1960,western|adventure|fiction,4.0
book,Sackett's Land,Louis L'Amour,1974,western|historical|fiction,4.1
book,To the Far Blue Mountains,Louis L'Amour,1976,western|historical|fiction,4.0
book,The Warrior's Path,Louis L'Amour,1980,western|historical|fiction,4.1
book,Jubal Sackett,Louis L'Amour,1985,western|historical|fiction,4.0
book,Ride the River,Louis L'Amour,1983,western|adventure|fiction,4.1
book,The Sackett Brand,Louis L'Amour,1965,western|adventure|fiction,4.0
book,The Sky-Liners,Louis L'Amour,1967,western|adventure|fiction,4.1
book,The Man from the Broken Hills,Louis L'Amour,1975,western|adventure|fiction,4.0
book,Watchmen,Alan Moore,1987,graphic novel|superhero|fiction,4.6
book,Maus,Art Spiegelman,1986,graphic novel|memoir|history|non-fiction,4.7
book,Persepolis,Marjane Satrapi,2000,graphic novel|memoir|history|non-fiction,4.4
book,Fun Home,Alison Bechdel,2006,graphic novel|memoir|lgbtq|non-fiction,4.3
book,Blankets,Craig Thompson,2003,graphic novel|memoir|romance|non-fiction,4.2
book,American Born Chinese,Gene Luen Yang,2006,graphic novel|young adult|cultural|fiction,4.1
book,Ghost World,Daniel Clowes,1997,graphic novel|coming-of-age|fiction,4.0
book,"Jimmy Corrigan, the Smartest Kid on Earth",Chris Ware,2000,graphic novel|literary|fiction,4.1
book,Palestine,Joe Sacco,1993,graphic novel|journalism|history|non-fiction,4.2
book,Safe Area Gorazde,Joe Sacco,2000,graphic novel|journalism|war|non-fiction,4.1
book,Saga,Brian K. Vaughan,2012,graphic novel|sci-fi|fantasy|fiction,4.5
book,Y: The Last Man,Brian K. Vaughan,2002,graphic novel|sci-fi|post-apocalyptic|fiction,4.3
book,Ex Machina,Brian K. Vaughan,2004,graphic novel|superhero|political|fiction,4.2
book,Paper Girls,Brian K. Vaughan,2015,graphic novel|sci-fi|young adult|fiction,4.1
book,The Walking Dead,Robert Kirkman,2003,graphic novel|horror|post-apocalyptic|fiction,4.4
book,Invincible,Robert Kirkman,2003,graphic novel|superhero|young adult|fiction,4.2
book,Bone,Jeff Smith,1991,graphic novel|fantasy|adventure|fiction,4.3
book,Scott Pilgrim vs. the World,Bryan Lee O'Malley,2004,graphic novel|romance|comedy|fiction,4.1
book,Seconds,Bryan Lee O'Malley,2014,graphic novel|fantasy|coming-of-age|fiction,4.0
book,Lost at Sea,Bryan Lee O'Malley,2003,graphic novel|coming-of-age|fiction,3.9
book,A Walk in the Woods,Bill Bryson,1998,travel|memoir|humor|non-fiction,4.3
book,In a Sunburned Country,Bill Bryson,2000,travel|memoir|humor|non-fiction,4.2
book,Notes from a Small Island,Bill Bryson,1995,travel|memoir|humor|non-fiction,4.1
book,The Lost Continent,Bill Bryson,1989,travel|memoir|humor|non-fiction,4.0
book,Neither Here Nor There,Bill Bryson,1991,travel|memoir|humor|non-fiction,4.1
book,The Great Railway Bazaar,Paul Theroux,1975,travel|memoir|non-fiction,4.2
book,The Old Patagonian Express,Paul Theroux,1979,travel|memoir|non-fiction,4.1
book,Dark Star Safari,Paul Theroux,2002,travel|memoir|non-fiction,4.0
book,The Tao of Travel,Paul Theroux,2011,travel|philosophy|non-fiction,4.1
book,Ghost Train to the Eastern Star,Paul Theroux,2008,travel|memoir|non-fiction,4.0
book,The Travels of Marco Polo,Marco Polo,1300,travel|history|memoir|non-fiction,4.1
book,Gulliver's Travels,Jonathan Swift,1726,travel|satire|fantasy|fiction,4.2
book,Around the World in Eighty Days,Jules Verne,1872,travel|adventure|sci-fi|fiction,4.1
book,Journey to the Center of the Earth,Jules Verne,1864,travel|adventure|sci-fi|fiction,4.0
book,Twenty Thousand Leagues Under the Sea,Jules Verne,1870,travel|adventure|sci-fi|fiction,4.2
book,The Kon-Tiki Expedition,Thor Heyerdahl,1948,travel|adventure|memoir|non-fiction,4.3
book,The Long Walk,Slavomir Rawicz,1956,travel|memoir|history|non-fiction,4.2
book,Into the Wild,Jon Krakauer,1996,travel|memoir|adventure|non-fiction,4.3
book,Wild,Cheryl Strayed,2012,travel|memoir|adventure|non-fiction,4.2
book,"Eat, Pray, Love",Elizabeth Gilbert,2006,travel|memoir|spiritual|non-fiction,4.1
book,A Brief History of Time,Stephen Hawking,1988,science|physics|cosmology|non-fiction,4.4
book,The Universe in a Nutshell,Stephen Hawking,2001,science|physics|cosmology|non-fiction,4.2
book,The Grand Design,Stephen Hawking,2010,science|physics|philosophy|non-fiction,4.1
book,Cosmos,Carl Sagan,1980,science|astronomy|cosmology|non-fiction,4.5
book,The Demon-Haunted World,Carl Sagan,1995,science|skepticism|philosophy|non-fiction,4.3
book,Contact,Carl Sagan,1985,science|sci-fi|fiction,4.2
book,The Selfish Gene,Richard Dawkins,1976,science|biology|evolution|non-fiction,4.4
book,The Blind Watchmaker,Richard Dawkins,1986,science|biology|evolution|non-fiction,4.3
book,The God Delusion,Richard Dawkins,2006,science|philosophy|religion|non-fiction,4.2
book,The Ancestor's Tale,Richard Dawkins,2004,science|biology|evolution|non-fiction,4.1
book,Astrophysics for People in a Hurry,Neil deGrasse Tyson,2017,science|astrophysics|cosmology|non-fiction,4.3
book,Death by Black Hole,Neil deGrasse Tyson,2007,science|astrophysics|cosmology|non-fiction,4.2
book,Space Chronicles,Neil deGrasse Tyson,2012,science|space|technology|non-fiction,4.1
book,The Elegant Universe,Brian Greene,1999,science|physics|string theory|non-fiction,4.3
book,The Fabric of the Cosmos,Brian Greene,2004,science|physics|cosmology|non-fiction,4.2
book,The Hidden Reality,Brian Greene,2011,science|physics|multiverse|non-fiction,4.1
book,The Innovators,Walter Isaacson,2014,science|technology|history|non-fiction,4.3
book,Steve Jobs,Walter Isaacson,2011,biography|technology|business|non-fiction,4.4
book,Leonardo da Vinci,Walter Isaacson,2017,biography|art|science|non-fiction,4.3
book,Einstein,Walter Isaacson,2007,biography|science|physics|non-fiction,4.4
book,The Story of Art,E.H. Gombrich,1950,art|history|non-fiction,4.4
book,Ways of Seeing,John Berger,1972,art|criticism|philosophy|non-fiction,4.3
book,The Art Book,Phaidon Press,1994,art|reference|non-fiction,4.2
book,The Lives of the Artists,Giorgio Vasari,1550,art|biography|history|non-fiction,4.1
book,The Agony and the Ecstasy,Irving Stone,1961,art|biography|historical fiction,4.2
book,Lust for Life,Irving Stone,1934,art|biography|historical fiction,4.1
book,The Painted Word,Tom Wolfe,1975,art|criticism|non-fiction,4.0
book,Art and Illusion,E.H. Gombrich,1960,art|psychology|non-fiction,4.1
book,The Power of Images,David Freedberg,1989,art|psychology|history|non-fiction,4.0
book,Art Since 1900,Hal Foster,2004,art|history|modern art|non-fiction,4.1
book,Mozart: A Life,Paul Johnson,2013,music|biography|classical|non-fiction,4.2
book,Beethoven: Anguish and Triumph,Jan Swafford,2014,music|biography|classical|non-fiction,4.3
book,Bach: Music in the Castle of Heaven,John Eliot Gardiner,2013,music|biography|classical|non-fiction,4.1
book,The Beatles,Hunter Davies,1968,music|biography|rock|non-fiction,4.2
book,Bob Dylan: Chronicles,Bob Dylan,2004,music|autobiography|folk|non-fiction,4.3
book,Just Kids,Patti Smith,2010,music|memoir|art|non-fiction,4.4
book,Life,Keith Richards,2010,music|autobiography|rock|non-fiction,4.2
book,Clapton,Eric Clapton,2007,music|autobiography|rock|non-fiction,4.1
book,Scar Tissue,Anthony Kiedis,2004,music|autobiography|rock|non-fiction,4.0
book,The Dirt,Mötley Crüe,2001,music|autobiography|rock|non-fiction,4.1
movie,Jurassic World: Dominion,Colin Trevorrow,2022,adventure|action|sci-fi,4.0
movie,Mission: Impossible - Dead Reckoning Part One,Christopher McQuarrie,2023,adventure|action|thriller,4.2
movie,Indiana Jones and the Dial of Destiny,James Mangold,2023,adventure|action|fantasy,3.8
movie,The Lost City,Aaron and Adam Nee,2022,adventure|comedy|romance,3.9
movie,Uncharted,Ruben Fleischer,2022,adventure|action|thriller,3.7
movie,Oppenheimer,Christopher Nolan,2023,drama|biography|history,4.5
movie,Barbie,Greta Gerwig,2023,comedy|fantasy|adventure,4.2
movie,Killers of the Flower Moon,Martin Scorsese,2023,drama|crime|western,4.3
movie,Poor Things,Yorgos Lanthimos,2023,comedy|fantasy|drama,4.1
movie,The Holdovers,Alexander Payne,2023,comedy|drama,4.0
movie,Past Lives,Celine Song,2023,drama|romance,4.2
movie,Anatomy of a Fall,Justine Triet,2023,drama|thriller|mystery,4.3
movie,The Zone of Interest,Jonathan Glazer,2023,drama|history|war,4.4
movie,American Fiction,Cord Jefferson,2023,comedy|drama,4.1
movie,May December,Todd Haynes,2023,drama|romance,4.0
movie,The Godfather,Francis Ford Coppola,1972,drama|crime,4.8
movie,The Shawshank Redemption,Frank Darabont,1994,drama|crime,4.9
movie,Pulp Fiction,Quentin Tarantino,1994,crime|drama,4.7
movie,Fight Club,David Fincher,1999,drama|thriller,4.6
movie,The Matrix,Lana and Lilly Wachowski,1999,sci-fi|action,4.7
movie,Inception,Christopher Nolan,2010,sci-fi|thriller,4.6
movie,Interstellar,Christopher Nolan,2014,sci-fi|drama,4.5
movie,Mad Max: Fury Road,George Miller,2015,action|adventure,4.4
movie,Parasite,Bong Joon-ho,2019,thriller|drama,4.7
movie,Joker,Todd Phillips,2019,thriller|drama,4.3
movie,Dune,Denis Villeneuve,2021,sci-fi|adventure,4.4
movie,No Time to Die,Cary Joji Fukunaga,2021,action|thriller,4.1
movie,Spider-Man: No Way Home,Jon Watts,2021,action|adventure|superhero,4.3
movie,The Batman,Matt Reeves,2022,action|crime|superhero,4.2
movie,Top Gun: Maverick,Joseph Kosinski,2022,action|drama,4.4
movie,Avatar: The Way of Water,James Cameron,2022,sci-fi|adventure,4.1
movie,Black Panther: Wakanda Forever,Ryan Coogler,2022,action|adventure|superhero,4.0
movie,Everything Everywhere All at Once,Daniel Kwan and Daniel Scheinert,2022,sci-fi|comedy|drama,4.6
movie,The Fabelmans,Steven Spielberg,2022,drama|biography,4.2
movie,Tár,Todd Field,2022,drama|biography,4.3
movie,Nomadland,Chloé Zhao,2020,drama,4.2
movie,The Trial of the Chicago 7,Aaron Sorkin,2020,drama|history,4.1
movie,Minari,Lee Isaac Chung,2020,drama,4.3
movie,Sound of Metal,Darius Marder,2020,drama,4.2
movie,Promising Young Woman,Emerald Fennell,2020,thriller|drama,4.1
movie,The Father,Florian Zeller,2020,drama,4.4
movie,Judas and the Black Messiah,Shaka King,2021,drama|biography,4.2
movie,The Green Knight,David Lowery,2021,fantasy|adventure,4.0
movie,The French Dispatch,Wes Anderson,2021,comedy|drama,4.1
movie,Licorice Pizza,Paul Thomas Anderson,2021,comedy|drama,4.0
movie,West Side Story,Steven Spielberg,2021,musical|drama,4.2
movie,Nightmare Alley,Guillermo del Toro,2021,thriller|drama,4.1
movie,The Power of the Dog,Jane Campion,2021,western|drama,4.3
movie,CODA,Sian Heder,2021,drama,4.2
movie,Drive My Car,Ryusuke Hamaguchi,2021,drama,4.4
movie,The Worst Person in the World,Joachim Trier,2021,comedy|drama|romance,4.1
movie,Flee,Jonas Poher Rasmussen,2021,documentary|animation,4.3
movie,The Lost Daughter,Maggie Gyllenhaal,2021,drama,4.0
movie,Parallel Mothers,Pedro Almodóvar,2021,drama,4.1
movie,Belfast,Kenneth Branagh,2021,drama,4.2
movie,King Richard,Reinaldo Marcus Green,2021,drama|biography|sports,4.1
movie,Don't Look Up,Adam McKay,2021,comedy|satire,4.0
movie,The Tragedy of Macbeth,Joel Coen,2021,drama|tragedy,4.2
movie,Spencer,Pablo Larraín,2021,drama|biography,4.1
movie,"Tick, Tick... Boom!",Lin-Manuel Miranda,2021,musical|drama|biography,4.2
movie,The Eyes of Tammy Faye,Michael Showalter,2021,drama|biography,4.0
movie,Being the Ricardos,Aaron Sorkin,2021,drama|biography,4.1
movie,Cyrano,Joe Wright,2021,musical|romance|drama,4.0
movie,The Card Counter,Paul Schrader,2021,crime|drama,4.1
movie,The Last Duel,Ridley Scott,2021,historical|drama,4.2
movie,House of Gucci,Ridley Scott,2021,crime|drama|biography,4.0
movie,Shang-Chi and the Legend of the Ten Rings,Destin Daniel Cretton,2021,action|adventure|superhero,4.0
movie,Eternals,Chloé Zhao,2021,action|adventure|superhero,3.9
movie,Black Widow,Cate Shortland,2021,action|adventure|superhero,4.0
movie,Venom: Let There Be Carnage,Andy Serkis,2021,action|adventure|superhero,3.8
movie,The Suicide Squad,James Gunn,2021,action|adventure|superhero,4.1
movie,Godzilla vs. Kong,Adam Wingard,2021,action|sci-fi,3.9
movie,A Quiet Place Part II,John Krasinski,2021,horror|thriller,4.1
movie,Halloween Kills,David Gordon Green,2021,horror,3.8
movie,Candyman,Nia DaCosta,2021,horror|thriller,4.0
movie,The Conjuring: The Devil Made Me Do It,Michael Chaves,2021,horror,3.9
movie,Malignant,James Wan,2021,horror|thriller,3.8
movie,Old,M. Night Shyamalan,2021,thriller|mystery,3.9
movie,The Forever Purge,Everardo Gout,2021,action|thriller,3.7
movie,Nobody,Ilya Naishuller,2021,action|thriller,4.0
movie,The Marksman,Robert Lorenz,2021,action|thriller,3.8
movie,Wrath of Man,Guy Ritchie,2021,action|thriller,4.0
movie,The Hitman's Wife's Bodyguard,Patrick Hughes,2021,action|comedy,3.7
movie,F9: The Fast Saga,Justin Lin,2021,action|adventure,3.8
movie,Mission: Impossible 7,Christopher McQuarrie,2023,action|thriller,4.2
movie,John Wick: Chapter 4,Chad Stahelski,2023,action|thriller,4.3
movie,The Equalizer 3,Antoine Fuqua,2023,action|thriller,4.0
movie,Extraction 2,Sam Hargrave,2023,action|thriller,4.1
movie,The Gray Man,Anthony and Joe Russo,2022,action|thriller,4.0
movie,Bullet Train,David Leitch,2022,action|comedy,4.1
movie,The Northman,Robert Eggers,2022,action|drama|historical,4.2
movie,Ambulance,Michael Bay,2022,action|thriller,3.9
movie,The Adam Project,Shawn Levy,2022,sci-fi|action|comedy,4.0
movie,Free Guy,Shawn Levy,2021,sci-fi|action|comedy,4.1
movie,The Tomorrow War,Chris McKay,2021,sci-fi|action,3.9
movie,Chaos Walking,Doug Liman,2021,sci-fi|adventure,3.7
movie,Reminiscence,Lisa Joy,2021,sci-fi|thriller,3.8
movie,Infinite,Antoine Fuqua,2021,sci-fi|action,3.6
movie,Boss Level,Joe Carnahan,2021,sci-fi|action,3.9
movie,Outside the Wire,Mikael Håfström,2021,sci-fi|action,3.8
movie,Stowaway,Joe Penna,2021,sci-fi|thriller,3.9
movie,Voyagers,Neil Burger,2021,sci-fi|thriller,3.7
movie,Cosmic Sin,Edward Drake,2021,sci-fi|action,3.5
movie,The Midnight Sky,George Clooney,2020,sci-fi|drama,3.8
movie,Tenet,Christopher Nolan,2020,sci-fi|thriller,4.2
movie,The Invisible Man,Leigh Whannell,2020,sci-fi|horror,4.1
movie,Underwater,William Eubank,2020,sci-fi|horror,3.8
movie,The Call of the Wild,Chris Sanders,2020,adventure|drama,3.9
movie,Onward,Dan Scanlon,2020,animation|fantasy|adventure,4.0
movie,Soul,Pete Docter,2020,animation|fantasy,4.3
movie,Wolfwalkers,Tomm Moore,2020,animation|fantasy,4.2
movie,The Croods: A New Age,Joel Crawford,2020,animation|comedy|adventure,3.9
movie,Raya and the Last Dragon,Don Hall,2021,animation|fantasy|adventure,4.1
movie,Luca,Enrico Casarosa,2021,animation|adventure|comedy,4.2
movie,Encanto,Jared Bush,2021,animation|musical|fantasy,4.3
movie,Turning Red,Domee Shi,2022,animation|comedy,4.1
movie,Lightyear,Angus MacLane,2022,animation|sci-fi|adventure,3.9
movie,Strange World,Don Hall,2022,animation|adventure,3.8
movie,Puss in Boots: The Last Wish,Joel Crawford,2022,animation|fantasy|adventure,4.2
movie,The Bad Guys,Pierre Perifel,2022,animation|comedy,4.0
movie,DC League of Super-Pets,Jared Stern,2022,animation|comedy|superhero,3.8
movie,Minions: The Rise of Gru,Kyle Balda,2022,animation|comedy,4.0
movie,Super Mario Bros. Movie,Aaron Horvath,2023,animation|adventure|comedy,4.1
movie,Spider-Man: Across the Spider-Verse,Joaquim Dos Santos,2023,animation|superhero|adventure,4.5
movie,Elemental,Peter Sohn,2023,animation|fantasy|romance,4.0
movie,Teenage Mutant Ninja Turtles: Mutant Mayhem,Jeff Rowe,2023,animation|superhero|comedy,4.1
movie,Trolls Band Together,Walt Dohrn,2023,animation|musical|comedy,3.9
movie,Wish,Chris Buck,2023,animation|musical|fantasy,3.8
movie,Migration,Benjamin Renner,2023,animation|adventure|comedy,3.9
movie,Leo,Robert Marianetti,2023,animation|comedy,3.8
movie,Chicken Run: Dawn of the Nugget,Sam Fell,2023,animation|adventure|comedy,3.9
movie,"Ruby Gillman, Teenage Kraken",Kirk DeMicco,2023,animation|fantasy|comedy,3.7
movie,Nimona,Nick Bruno,2023,animation|fantasy|adventure,4.2
movie,The Little Mermaid,Rob Marshall,2023,musical|fantasy|romance,4.0
movie,The Color Purple,Blitz Bazawule,2023,musical|drama,4.2
movie,Wonka,Paul King,2023,musical|fantasy,4.1
movie,Mean Girls,Samantha Jayne,2024,musical|comedy,4.0
movie,Bob Marley: One Love,Reinaldo Marcus Green,2024,musical|drama|biography,4.1
movie,Joker: Folie à Deux,Todd Phillips,2024,musical|thriller,4.2
movie,Mamma Mia! Here We Go Again,Ol Parker,2018,musical|comedy|romance,4.0
movie,La La Land,Damien Chazelle,2016,musical|romance|comedy,4.3
movie,The Greatest Showman,Michael Gracey,2017,musical|drama|biography,4.2
movie,A Star Is Born,Bradley Cooper,2018,musical|romance|drama,4.3
movie,Bohemian Rhapsody,Bryan Singer,2018,musical|drama|biography,4.2
movie,Rocketman,Dexter Fletcher,2019,musical|drama|biography,4.1
movie,Cats,Tom Hooper,2019,musical|fantasy,3.5
movie,In the Heights,Jon M. Chu,2021,musical|drama,4.2
movie,Dear Evan Hansen,Stephen Chbosky,2021,musical|drama,4.0
movie,"Tick, Tick... Boom!",Lin-Manuel Miranda,2021,musical|drama|biography,4.2
movie,Cyrano,Joe Wright,2021,musical|romance|drama,4.0
movie,Matilda the Musical,Matthew Warchus,2022,musical|fantasy,4.1
movie,Roald Dahl's Matilda the Musical,Matthew Warchus,2022,musical|fantasy,4.1
movie,Spirited,Sean Anders,2022,musical|fantasy|comedy,4.0
movie,Disenchanted,Adam Shankman,2022,musical|fantasy|comedy,3.9
movie,"Lyle, Lyle, Crocodile",Josh Gordon,2022,musical|comedy,3.8
movie,I Wanna Dance with Somebody,Kasi Lemmons,2022,musical|drama|biography,4.0
movie,Elvis,Baz Luhrmann,2022,musical|drama|biography,4.2
movie,Weird: The Al Yankovic Story,Eric Appel,2022,musical|comedy|biography,4.1
movie,Casablanca,Michael Curtiz,1942,drama|romance|war,4.8
movie,Citizen Kane,Orson Welles,1941,drama,4.7
movie,Gone with the Wind,Victor Fleming,1939,drama|romance|historical,4.6
movie,The Wizard of Oz,Victor Fleming,1939,musical|fantasy|adventure,4.7
movie,Snow White and the Seven Dwarfs,Walt Disney,1937,animation|fantasy|musical,4.5
movie,Psycho,Alfred Hitchcock,1960,horror|thriller,4.6
movie,Vertigo,Alfred Hitchcock,1958,thriller|mystery,4.5
movie,Rear Window,Alfred Hitchcock,1954,thriller|mystery,4.6
movie,North by Northwest,Alfred Hitchcock,1959,thriller|adventure,4.5
movie,The Birds,Alfred Hitchcock,1963,horror|thriller,4.3
movie,12 Angry Men,Sidney Lumet,1957,drama,4.8
movie,On the Waterfront,Elia Kazan,1954,drama|crime,4.6
movie,A Streetcar Named Desire,Elia Kazan,1951,drama,4.5
movie,Sunset Boulevard,Billy Wilder,1950,drama|noir,4.6
movie,Some Like It Hot,Billy Wilder,1959,comedy|romance,4.5
movie,The Apartment,Billy Wilder,1960,comedy|romance,4.4
movie,Double Indemnity,Billy Wilder,1944,noir|crime,4.5
movie,The Bridge on the River Kwai,David Lean,1957,drama|war,4.6
movie,Lawrence of Arabia,David Lean,1962,drama|war|biography,4.7
movie,Doctor Zhivago,David Lean,1965,drama|romance|historical,4.4
movie,The Sound of Music,Robert Wise,1965,musical|drama,4.5
movie,West Side Story,Robert Wise,1961,musical|drama|romance,4.6
movie,My Fair Lady,George Cukor,1964,musical|comedy|romance,4.4
movie,Singin' in the Rain,Stanley Donen,1952,musical|comedy,4.6
movie,An American in Paris,Vincente Minnelli,1951,musical|romance,4.3
movie,Gigi,Vincente Minnelli,1958,musical|romance,4.2
movie,The King and I,Walter Lang,1956,musical|drama,4.3
movie,Oklahoma!,Fred Zinnemann,1955,musical|romance,4.2
movie,Carousel,Henry King,1956,musical|drama,4.1
movie,South Pacific,Joshua Logan,1958,musical|romance|war,4.2
movie,The Music Man,Morton DaCosta,1962,musical|comedy,4.3
movie,Mary Poppins,Robert Stevenson,1964,musical|fantasy,4.5
movie,Chitty Chitty Bang Bang,Ken Hughes,1968,musical|fantasy,4.1
movie,Bedknobs and Broomsticks,Robert Stevenson,1971,musical|fantasy,4.0
movie,Willy Wonka & the Chocolate Factory,Mel Stuart,1971,musical|fantasy,4.3
movie,The Rocky Horror Picture Show,Jim Sharman,1975,musical|horror|comedy,4.2
movie,Grease,Randal Kleiser,1978,musical|romance|comedy,4.3
movie,Saturday Night Fever,John Badham,1977,drama|musical,4.2
movie,Fame,Alan Parker,1980,musical|drama,4.1
movie,Flashdance,Adrian Lyne,1983,drama|musical,4.0
movie,Footloose,Herbert Ross,1984,musical|drama,4.1
movie,Dirty Dancing,Emile Ardolino,1987,drama|romance|musical,4.2
movie,The Little Mermaid,Ron Clements,1989,animation|musical|fantasy,4.4
movie,Beauty and the Beast,Gary Trousdale,1991,animation|musical|fantasy,4.5
movie,Aladdin,Ron Clements,1992,animation|musical|fantasy,4.4
movie,The Lion King,Roger Allers,1994,animation|musical|drama,4.6
movie,Pocahontas,Mike Gabriel,1995,animation|musical|drama,4.2
movie,The Hunchback of Notre Dame,Gary Trousdale,1996,animation|musical|drama,4.1
movie,Hercules,Ron Clements,1997,animation|musical|fantasy,4.0
movie,Mulan,Tony Bancroft,1998,animation|musical|adventure,4.3
movie,Tarzan,Chris Buck,1999,animation|musical|adventure,4.2
movie,Fantasia,Walt Disney,1940,animation|musical,4.4
movie,Dumbo,Walt Disney,1941,animation|musical|fantasy,4.2
movie,Bambi,Walt Disney,1942,animation|drama,4.3
movie,Cinderella,Walt Disney,1950,animation|musical|fantasy,4.4
movie,Alice in Wonderland,Walt Disney,1951,animation|fantasy,4.2
movie,Peter Pan,Walt Disney,1953,animation|fantasy|adventure,4.3
movie,Lady and the Tramp,Walt Disney,1955,animation|romance,4.2
movie,Sleeping Beauty,Walt Disney,1959,animation|musical|fantasy,4.3
movie,101 Dalmatians,Walt Disney,1961,animation|comedy,4.2
movie,The Jungle Book,Walt Disney,1967,animation|musical|adventure,4.3
movie,The Aristocats,Walt Disney,1970,animation|musical|comedy,4.0
movie,Robin Hood,Walt Disney,1973,animation|musical|adventure,4.1
movie,The Many Adventures of Winnie the Pooh,Walt Disney,1977,animation|musical,4.2
movie,The Rescuers,Walt Disney,1977,animation|adventure,4.0
movie,The Fox and the Hound,Walt Disney,1981,animation|drama,4.1
movie,The Black Cauldron,Walt Disney,1985,animation|fantasy|adventure,3.8
movie,The Great Mouse Detective,Walt Disney,1986,animation|mystery,4.0
movie,Oliver & Company,Walt Disney,1988,animation|musical,3.9
movie,The Rescuers Down Under,Walt Disney,1990,animation|adventure,4.0
movie,A Goofy Movie,Walt Disney,1995,animation|comedy,4.1
movie,Toy Story,Pixar,1995,animation|adventure|comedy,4.6
movie,A Bug's Life,Pixar,1998,animation|adventure|comedy,4.2
movie,Toy Story 2,Pixar,1999,animation|adventure|comedy,4.5
movie,"Monsters, Inc.",Pixar,2001,animation|comedy|fantasy,4.4
movie,Finding Nemo,Pixar,2003,animation|adventure|comedy,4.5
movie,The Incredibles,Pixar,2004,animation|adventure|superhero,4.6
movie,Cars,Pixar,2006,animation|adventure|comedy,4.2
movie,Ratatouille,Pixar,2007,animation|comedy,4.4
movie,WALL-E,Pixar,2008,animation|sci-fi|romance,4.6
movie,Up,Pixar,2009,animation|adventure|comedy,4.7
movie,Toy Story 3,Pixar,2010,animation|adventure|comedy,4.7
movie,Cars 2,Pixar,2011,animation|adventure|comedy,3.9
movie,Brave,Pixar,2012,animation|fantasy|adventure,4.2
movie,Monsters University,Pixar,2013,animation|comedy,4.1
movie,Inside Out,Pixar,2015,animation|fantasy|comedy,4.6
movie,The Good Dinosaur,Pixar,2015,animation|adventure,4.0
movie,Finding Dory,Pixar,2016,animation|adventure|comedy,4.3
movie,Cars 3,Pixar,2017,animation|adventure,4.1
movie,Coco,Pixar,2017,animation|fantasy|adventure,4.7
movie,Incredibles 2,Pixar,2018,animation|adventure|superhero,4.4
movie,Toy Story 4,Pixar,2019,animation|adventure|comedy,4.5
movie,Onward,Pixar,2020,animation|fantasy|adventure,4.0
movie,Soul,Pixar,2020,animation|fantasy,4.3
movie,Luca,Pixar,2021,animation|adventure|comedy,4.2
movie,Turning Red,Pixar,2022,animation|comedy,4.1
movie,Lightyear,Pixar,2022,animation|sci-fi|adventure,3.9
movie,Elemental,Pixar,2023,animation|fantasy|romance,4.0
movie,The Dark Knight,Christopher Nolan,2008,action|crime|superhero,4.8
movie,Inception,Christopher Nolan,2010,sci-fi|thriller,4.6
movie,Interstellar,Christopher Nolan,2014,sci-fi|drama,4.5
movie,Dunkirk,Christopher Nolan,2017,war|drama,4.4
movie,Tenet,Christopher Nolan,2020,sci-fi|thriller,4.2
movie,Oppenheimer,Christopher Nolan,2023,drama|biography|history,4.5
movie,The Lord of the Rings: The Fellowship of the Ring,Peter Jackson,2001,fantasy|adventure,4.7
movie,The Lord of the Rings: The Two Towers,Peter Jackson,2002,fantasy|adventure,4.6
movie,The Lord of the Rings: The Return of the King,Peter Jackson,2003,fantasy|adventure,4.8
movie,The Hobbit: An Unexpected Journey,Peter Jackson,2012,fantasy|adventure,4.2
movie,The Hobbit: The Desolation of Smaug,Peter Jackson,2013,fantasy|adventure,4.1
movie,The Hobbit: The Battle of the Five Armies,Peter Jackson,2014,fantasy|adventure,4.0
movie,Avatar,James Cameron,2009,sci-fi|adventure,4.3
movie,Avatar: The Way of Water,James Cameron,2022,sci-fi|adventure,4.1
movie,Titanic,James Cameron,1997,drama|romance,4.5
movie,Terminator 2: Judgment Day,James Cameron,1991,sci-fi|action,4.6
movie,Aliens,James Cameron,1986,sci-fi|horror,4.5
movie,The Terminator,James Cameron,1984,sci-fi|action,4.4
movie,True Lies,James Cameron,1994,action|comedy,4.2
movie,The Abyss,James Cameron,1989,sci-fi|thriller,4.1
movie,Spider-Man,Sam Raimi,2002,action|superhero,4.4
movie,Spider-Man 2,Sam Raimi,2004,action|superhero,4.5
movie,Spider-Man 3,Sam Raimi,2007,action|superhero,4.0
movie,Iron Man,Jon Favreau,2008,action|superhero,4.4
movie,Iron Man 2,Jon Favreau,2010,action|superhero,4.1
movie,Iron Man 3,Shane Black,2013,action|superhero,4.2
movie,Captain America: The First Avenger,Joe Johnston,2011,action|superhero,4.2
movie,Captain America: The Winter Soldier,Anthony and Joe Russo,2014,action|superhero|thriller,4.5
movie,Captain America: Civil War,Anthony and Joe Russo,2016,action|superhero,4.4
movie,Thor,Kenneth Branagh,2011,action|superhero|fantasy,4.1
movie,Thor: The Dark World,Alan Taylor,2013,action|superhero|fantasy,4.0
movie,Thor: Ragnarok,Taika Waititi,2017,action|superhero|comedy,4.5
movie,Thor: Love and Thunder,Taika Waititi,2022,action|superhero|comedy,4.1
movie,The Avengers,Joss Whedon,2012,action|superhero,4.5
movie,Avengers: Age of Ultron,Joss Whedon,2015,action|superhero,4.3
movie,Avengers: Infinity War,Anthony and Joe Russo,2018,action|superhero,4.6
movie,Avengers: Endgame,Anthony and Joe Russo,2019,action|superhero,4.7
movie,Black Panther,Ryan Coogler,2018,action|superhero,4.6
movie,Black Panther: Wakanda Forever,Ryan Coogler,2022,action|superhero,4.0
movie,Doctor Strange,Scott Derrickson,2016,action|superhero|fantasy,4.2
movie,Doctor Strange in the Multiverse of Madness,Sam Raimi,2022,action|superhero|fantasy,4.1
movie,Guardians of the Galaxy,James Gunn,2014,action|superhero|comedy,4.4
movie,Guardians of the Galaxy Vol. 2,James Gunn,2017,action|superhero|comedy,4.3
movie,Guardians of the Galaxy Vol. 3,James Gunn,2023,action|superhero|comedy,4.4
movie,Ant-Man,Peyton Reed,2015,action|superhero|comedy,4.1
movie,Ant-Man and the Wasp,Peyton Reed,2018,action|superhero|comedy,4.0
movie,Ant-Man and the Wasp: Quantumania,Peyton Reed,2023,action|superhero|comedy,3.9
movie,Captain Marvel,Anna Boden,2019,action|superhero,4.1
movie,The Marvels,Nia DaCosta,2023,action|superhero,3.8
movie,Shang-Chi and the Legend of the Ten Rings,Destin Daniel Cretton,2021,action|superhero,4.0
movie,Eternals,Chloé Zhao,2021,action|superhero,3.9
movie,Black Widow,Cate Shortland,2021,action|superhero,4.0
movie,Spider-Man: Homecoming,Jon Watts,2017,action|superhero,4.3
movie,Spider-Man: Far From Home,Jon Watts,2019,action|superhero,4.2
movie,Spider-Man: No Way Home,Jon Watts,2021,action|superhero,4.3
movie,Venom,Ruben Fleischer,2018,action|superhero,4.0
movie,Venom: Let There Be Carnage,Andy Serkis,2021,action|superhero,3.8
movie,Morbius,Daniel Espinosa,2022,action|superhero|horror,3.5
movie,Deadpool,Tim Miller,2016,action|superhero|comedy,4.4
movie,Deadpool 2,David Leitch,2018,action|superhero|comedy,4.2
movie,Logan,James Mangold,2017,action|superhero|drama,4.6
movie,X-Men,Bryan Singer,2000,action|superhero,4.2
movie,X2: X-Men United,Bryan Singer,2003,action|superhero,4.3
movie,X-Men: The Last Stand,Brett Ratner,2006,action|superhero,3.9
movie,X-Men: First Class,Matthew Vaughn,2011,action|superhero,4.2
movie,X-Men: Days of Future Past,Bryan Singer,2014,action|superhero,4.4
movie,X-Men: Apocalypse,Bryan Singer,2016,action|superhero,4.0
movie,Dark Phoenix,Simon Kinberg,2019,action|superhero,3.7
movie,The New Mutants,Josh Boone,2020,action|superhero|horror,3.6
movie,Fantastic Four,Tim Story,2005,action|superhero,3.8
movie,Fantastic Four: Rise of the Silver Surfer,Tim Story,2007,action|superhero,3.7
movie,Fantastic Four,Josh Trank,2015,action|superhero,3.4
movie,Blade,Stephen Norrington,1998,action|superhero|horror,4.2
movie,Blade II,Guillermo del Toro,2002,action|superhero|horror,4.1
movie,Blade: Trinity,David S. Goyer,2004,action|superhero|horror,3.8
movie,The Punisher,Jonathan Hensleigh,2004,action|superhero,3.9
movie,Punisher: War Zone,Lexi Alexander,2008,action|superhero,3.6
movie,Ghost Rider,Mark Steven Johnson,2007,action|superhero,3.7
movie,Ghost Rider: Spirit of Vengeance,Mark Neveldine,2012,action|superhero,3.5
movie,Daredevil,Mark Steven Johnson,2003,action|superhero,3.8
movie,Elektra,Rob Bowman,2005,action|superhero,3.6
movie,Hulk,Ang Lee,2003,action|superhero,3.9
movie,The Incredible Hulk,Louis Leterrier,2008,action|superhero,4.0
movie,Man of Steel,Zack Snyder,2013,action|superhero,4.1
movie,Batman v Superman: Dawn of Justice,Zack Snyder,2016,action|superhero,4.0
movie,Suicide Squad,David Ayer,2016,action|superhero,3.9
movie,Wonder Woman,Patty Jenkins,2017,action|superhero,4.4
movie,Wonder Woman 1984,Patty Jenkins,2020,action|superhero,3.8
movie,Justice League,Zack Snyder,2017,action|superhero,4.0
movie,Zack Snyder's Justice League,Zack Snyder,2021,action|superhero,4.3
movie,Aquaman,James Wan,2018,action|superhero,4.1
movie,Aquaman and the Lost Kingdom,James Wan,2023,action|superhero,3.9
movie,Shazam!,David F. Sandberg,2019,action|superhero|comedy,4.2
movie,Shazam! Fury of the Gods,David F. Sandberg,2023,action|superhero|comedy,3.8
movie,Birds of Prey,Cathy Yan,2020,action|superhero,4.0
movie,The Suicide Squad,James Gunn,2021,action|superhero,4.1
movie,Black Adam,Jaume Collet-Serra,2022,action|superhero,3.9
movie,The Flash,Andy Muschietti,2023,action|superhero,3.7
movie,Blue Beetle,Ángel Manuel Soto,2023,action|superhero,3.8
movie,It's a Wonderful Life,Frank Capra,1946,drama|christmas|fantasy,4.7
movie,A Christmas Story,Bob Clark,1983,comedy|christmas|family,4.4
movie,Home Alone,Chris Columbus,1990,comedy|christmas|family,4.5
movie,Home Alone 2: Lost in New York,Chris Columbus,1992,comedy|christmas|family,4.2
movie,Miracle on 34th Street,George Seaton,1947,drama|christmas|family,4.5
movie,Miracle on 34th Street,Les Mayfield,1994,drama|christmas|family,4.1
movie,Elf,Jon Favreau,2003,comedy|christmas|family,4.4
movie,The Santa Clause,John Pasquin,1994,comedy|christmas|family,4.2
movie,The Santa Clause 2,Michael Lembeck,2002,comedy|christmas|family,3.9
movie,The Santa Clause 3: The Escape Clause,Michael Lembeck,2006,comedy|christmas|family,3.7
movie,How the Grinch Stole Christmas,Ron Howard,2000,comedy|christmas|family,4.3
movie,The Grinch,Scott Mosier,2018,animation|comedy|christmas,4.0
movie,A Christmas Carol,Robert Zemeckis,2009,animation|drama|christmas,4.1
movie,Scrooged,Richard Donner,1988,comedy|christmas|fantasy,4.2
movie,The Polar Express,Robert Zemeckis,2004,animation|adventure|christmas,4.3
movie,The Nightmare Before Christmas,Henry Selick,1993,animation|musical|christmas,4.4
movie,White Christmas,Michael Curtiz,1954,musical|romance|christmas,4.3
movie,Holiday Inn,Mark Sandrich,1942,musical|romance|christmas,4.2
movie,Meet Me in St. Louis,Vincente Minnelli,1944,musical|drama|christmas,4.1
movie,Love Actually,Richard Curtis,2003,comedy|romance|christmas,4.3
movie,The Holiday,Nancy Meyers,2006,comedy|romance|christmas,4.2
movie,Last Christmas,Paul Feig,2019,comedy|romance|christmas,3.8
movie,The Family Stone,Thomas Bezucha,2005,comedy|drama|christmas,4.0
movie,Four Christmases,Seth Gordon,2008,comedy|romance|christmas,3.9
movie,Christmas with the Kranks,Joe Roth,2004,comedy|family|christmas,3.7
movie,Jingle All the Way,Brian Levant,1996,comedy|family|christmas,3.8
movie,Deck the Halls,John Whitesell,2006,comedy|family|christmas,3.6
movie,Fred Claus,David Dobkin,2007,comedy|family|christmas,3.7
movie,Arthur Christmas,Sarah Smith,2011,animation|comedy|christmas,4.1
movie,Rise of the Guardians,Peter Ramsey,2012,animation|adventure|christmas,4.2
movie,Klaus,Sergio Pablos,2019,animation|comedy|christmas,4.4
movie,Noelle,Marc Lawrence,2019,comedy|family|christmas,3.9
movie,The Christmas Chronicles,Clay Kaytis,2018,adventure|comedy|christmas,4.0
movie,The Christmas Chronicles 2,Chris Columbus,2020,adventure|comedy|christmas,3.8
movie,A Boy Called Christmas,Gil Kenan,2021,fantasy|adventure|christmas,4.0
movie,Spirited,Sean Anders,2022,musical|comedy|christmas,4.0
movie,Violent Night,Tommy Wirkola,2022,action|comedy|christmas,3.9
movie,Candy Cane Lane,Reginald Hudlin,2023,comedy|family|christmas,3.7
movie,Genie,Sam Boyd,2023,comedy|fantasy|christmas,3.8
movie,Halloween,John Carpenter,1978,horror|thriller|halloween,4.5
movie,Halloween II,Rick Rosenthal,1981,horror|thriller|halloween,4.1
movie,Halloween III: Season of the Witch,Tommy Lee Wallace,1982,horror|thriller|halloween,3.8
movie,Halloween 4: The Return of Michael Myers,Dwight H. Little,1988,horror|thriller|halloween,3.9
movie,Halloween 5: The Revenge of Michael Myers,Dominique Othenin-Girard,1989,horror|thriller|halloween,3.7
movie,Halloween: The Curse of Michael Myers,Joe Chappelle,1995,horror|thriller|halloween,3.6
movie,Halloween H20: 20 Years Later,Steve Miner,1998,horror|thriller|halloween,4.0
movie,Halloween: Resurrection,Rick Rosenthal,2002,horror|thriller|halloween,3.5
movie,Halloween,Rob Zombie,2007,horror|thriller|halloween,4.0
movie,Halloween II,Rob Zombie,2009,horror|thriller|halloween,3.8
movie,Halloween,David Gordon Green,2018,horror|thriller|halloween,4.2
movie,Halloween Kills,David Gordon Green,2021,horror|thriller|halloween,3.8
movie,Halloween Ends,David Gordon Green,2022,horror|thriller|halloween,3.9
movie,Hocus Pocus,Kenny Ortega,1993,comedy|fantasy|halloween,4.3
movie,Hocus Pocus 2,Anne Fletcher,2022,comedy|fantasy|halloween,3.9
movie,The Nightmare Before Christmas,Henry Selick,1993,animation|musical|halloween,4.4
movie,Beetlejuice,Tim Burton,1988,comedy|fantasy|halloween,4.3
movie,The Addams Family,Barry Sonnenfeld,1991,comedy|fantasy|halloween,4.2
movie,Addams Family Values,Barry Sonnenfeld,1993,comedy|fantasy|halloween,4.1
movie,Casper,Brad Silberling,1995,comedy|fantasy|halloween,4.0
movie,The Craft,Andrew Fleming,1996,horror|thriller|halloween,4.1
movie,Practical Magic,Griffin Dunne,1998,comedy|romance|halloween,4.0
movie,Sleepy Hollow,Tim Burton,1999,horror|mystery|halloween,4.2
movie,The Haunted Mansion,Rob Minkoff,2003,comedy|fantasy|halloween,3.8
movie,Monster House,Gil Kenan,2006,animation|horror|halloween,4.1
movie,ParaNorman,Chris Butler,2012,animation|comedy|halloween,4.2
movie,The Book of Life,Jorge R. Gutierrez,2014,animation|adventure|halloween,4.1
movie,Coco,Lee Unkrich,2017,animation|adventure|halloween,4.5
movie,The Addams Family,Conrad Vernon,2019,animation|comedy|halloween,3.9
movie,The Addams Family 2,Greg Tiernan,2021,animation|comedy|halloween,3.7
movie,Wendell & Wild,Henry Selick,2022,animation|comedy|halloween,3.8
movie,"Planes, Trains and Automobiles",John Hughes,1987,comedy|thanksgiving,4.4
movie,Home for the Holidays,Jodie Foster,1995,comedy|drama|thanksgiving,4.1
movie,The Ice Storm,Ang Lee,1997,drama|thanksgiving,4.2
movie,Pieces of April,Peter Hedges,2003,drama|thanksgiving,4.0
movie,The Blind Side,John Lee Hancock,2009,drama|sports|thanksgiving,4.3
movie,Free Birds,Jimmy Hayward,2013,animation|comedy|thanksgiving,3.8
movie,Addams Family Values,Barry Sonnenfeld,1993,comedy|fantasy|thanksgiving,4.1
movie,Valentine's Day,Garry Marshall,2010,comedy|romance|valentines,3.9
movie,The Notebook,Nick Cassavetes,2004,drama|romance|valentines,4.4
movie,Titanic,James Cameron,1997,drama|romance|valentines,4.5
movie,La La Land,Damien Chazelle,2016,musical|romance|valentines,4.3
movie,500 Days of Summer,Marc Webb,2009,comedy|romance|valentines,4.2
movie,Eternal Sunshine of the Spotless Mind,Michel Gondry,2004,sci-fi|romance|valentines,4.4
movie,Before Sunrise,Richard Linklater,1995,drama|romance|valentines,4.3
movie,Before Sunset,Richard Linklater,2004,drama|romance|valentines,4.4
movie,Before Midnight,Richard Linklater,2013,drama|romance|valentines,4.3
movie,"Crazy, Stupid, Love",Glenn Ficarra,2011,comedy|romance|valentines,4.2
movie,The Proposal,Anne Fletcher,2009,comedy|romance|valentines,4.1
movie,27 Dresses,Anne Fletcher,2008,comedy|romance|valentines,4.0
movie,The Wedding Planner,Adam Shankman,2001,comedy|romance|valentines,3.9
movie,My Best Friend's Wedding,P.J. Hogan,1997,comedy|romance|valentines,4.1
movie,Pretty Woman,Garry Marshall,1990,comedy|romance|valentines,4.3
movie,When Harry Met Sally,Rob Reiner,1989,comedy|romance|valentines,4.4
movie,Sleepless in Seattle,Nora Ephron,1993,comedy|romance|valentines,4.2
movie,You've Got Mail,Nora Ephron,1998,comedy|romance|valentines,4.1
movie,Notting Hill,Roger Michell,1999,comedy|romance|valentines,4.2
movie,Four Weddings and a Funeral,Mike Newell,1994,comedy|romance|valentines,4.3
movie,Bridget Jones's Diary,Sharon Maguire,2001,comedy|romance|valentines,4.1
movie,Bridget Jones: The Edge of Reason,Beeban Kidron,2004,comedy|romance|valentines,3.9
movie,Bridget Jones's Baby,Sharon Maguire,2016,comedy|romance|valentines,3.8
movie,How to Lose a Guy in 10 Days,Donald Petrie,2003,comedy|romance,4.0
movie,13 Going on 30,Gary Winick,2004,comedy|romance|fantasy,4.1
movie,The Devil Wears Prada,David Frankel,2006,comedy|drama|fashion,4.2
movie,Legally Blonde,Robert Luketic,2001,comedy|romance,4.1
movie,"Legally Blonde 2: Red, White & Blonde",Charles Herman-Wurmfeld,2003,comedy|romance,3.8
movie,Miss Congeniality,Donald Petrie,2000,comedy|romance|crime,4.0
movie,Miss Congeniality 2: Armed and Fabulous,John Pasquin,2005,comedy|romance|crime,3.7
movie,The Princess Diaries,Garry Marshall,2001,comedy|family|romance,4.1
movie,The Princess Diaries 2: Royal Engagement,Garry Marshall,2004,comedy|romance,3.9
movie,Confessions of a Shopaholic,P.J. Hogan,2009,comedy|romance,3.9
movie,The Ugly Truth,Robert Luketic,2009,comedy|romance,3.8
movie,He's Just Not That Into You,Ken Kwapis,2009,comedy|romance,3.9
movie,The Break-Up,Peyton Reed,2006,comedy|romance,3.8
movie,Failure to Launch,Tom Dey,2006,comedy|romance,3.7
movie,The Wedding Date,Clare Kilner,2005,comedy|romance,3.8
movie,Just Like Heaven,Mark Waters,2005,comedy|romance|fantasy,3.9
movie,The Family Stone,Thomas Bezucha,2005,comedy|romance|christmas,4.0
movie,The Holiday,Nancy Meyers,2006,comedy|romance|christmas,4.2
movie,Something's Gotta Give,Nancy Meyers,2003,comedy|romance,4.1
movie,It's Complicated,Nancy Meyers,2009,comedy|romance,4.0
movie,The Ten Commandments,Cecil B. DeMille,1956,drama|history|easter,4.4
movie,Ben-Hur,William Wyler,1959,drama|history|easter,4.5
movie,The Passion of the Christ,Mel Gibson,2004,drama|history|easter,4.2
movie,Braveheart,Mel Gibson,1995,drama|history|war|action,4.5
movie,Lethal Weapon,Richard Donner,1987,action|comedy|crime,4.3
movie,Lethal Weapon 2,Richard Donner,1989,action|comedy|crime,4.2
movie,Lethal Weapon 3,Richard Donner,1992,action|comedy|crime,4.1
movie,Lethal Weapon 4,Richard Donner,1998,action|comedy|crime,4.0
movie,Mad Max,George Miller,1979,action|sci-fi|dystopian,4.2
movie,Mad Max 2: The Road Warrior,George Miller,1981,action|sci-fi|dystopian,4.4
movie,Mad Max Beyond Thunderdome,George Miller,1985,action|sci-fi|dystopian,4.1
movie,Mad Max: Fury Road,George Miller,2015,action|sci-fi|dystopian,4.5
movie,What Women Want,Nancy Meyers,2000,comedy|romance|fantasy,4.1
movie,Signs,M. Night Shyamalan,2002,sci-fi|thriller|mystery,4.2
movie,We Were Soldiers,Randall Wallace,2002,war|drama|history,4.1
movie,Apocalypto,Mel Gibson,2006,action|adventure|history,4.3
movie,Hacksaw Ridge,Mel Gibson,2016,war|drama|history,4.4
movie,Risen,Kevin Reynolds,2016,drama|history|easter,4.0
movie,Hop,Tim Hill,2011,animation|comedy|easter,3.8
movie,Peter Rabbit,Will Gluck,2018,animation|comedy|easter,3.9
movie,Peter Rabbit 2: The Runaway,Will Gluck,2021,animation|comedy|easter,3.7
movie,The Quiet Man,John Ford,1952,drama|romance|stpatricks,4.3
movie,Waking Ned Devine,Kirk Jones,1998,comedy|stpatricks,4.1
movie,The Commitments,Alan Parker,1991,musical|comedy|stpatricks,4.2
movie,In the Name of the Father,Jim Sheridan,1993,drama|stpatricks,4.4
movie,My Left Foot,Jim Sheridan,1989,drama|biography|stpatricks,4.3
movie,The Wind That Shakes the Barley,Ken Loach,2006,drama|history|stpatricks,4.2
movie,Brooklyn,John Crowley,2015,drama|romance|stpatricks,4.1
movie,Sing Street,John Carney,2016,musical|comedy|stpatricks,4.3
movie,Independence Day,Roland Emmerich,1996,sci-fi|action|independenceday,4.3
movie,Independence Day: Resurgence,Roland Emmerich,2016,sci-fi|action|independenceday,3.8
movie,The Patriot,Roland Emmerich,2000,war|drama|independenceday,4.2
movie,1776,Peter H. Hunt,1972,musical|history|independenceday,4.1
movie,National Treasure,Jon Turteltaub,2004,adventure|mystery|independenceday,4.0
movie,National Treasure: Book of Secrets,Jon Turteltaub,2007,adventure|mystery|independenceday,3.9
movie,Jaws,Steven Spielberg,1975,thriller|horror|independenceday,4.5
movie,Born on the Fourth of July,Oliver Stone,1989,drama|war|independenceday,4.3
movie,When Harry Met Sally,Rob Reiner,1989,comedy|romance|newyear,4.4
movie,New Year's Eve,Garry Marshall,2011,comedy|romance|newyear,3.7
movie,About Time,Richard Curtis,2013,comedy|romance|newyear,4.3
movie,The Apartment,Billy Wilder,1960,comedy|romance|newyear,4.4
movie,Ghostbusters II,Ivan Reitman,1989,comedy|fantasy|newyear,4.0
movie,Ocean's Eleven,Steven Soderbergh,2001,comedy|crime|newyear,4.2
movie,Ocean's Twelve,Steven Soderbergh,2004,comedy|crime|newyear,4.0
movie,Ocean's Thirteen,Steven Soderbergh,2007,comedy|crime|newyear,4.1
movie,Jaws,Steven Spielberg,1975,thriller|horror|summer,4.5
movie,The Sandlot,David Mickey Evans,1993,comedy|family|summer,4.3
movie,Stand by Me,Rob Reiner,1986,drama|adventure|summer,4.4
movie,The Goonies,Richard Donner,1985,adventure|comedy|summer,4.3
movie,E.T. the Extra-Terrestrial,Steven Spielberg,1982,sci-fi|adventure|summer,4.6
movie,Jurassic Park,Steven Spielberg,1993,sci-fi|adventure|summer,4.7
movie,Independence Day,Roland Emmerich,1996,sci-fi|action|summer,4.3
movie,Men in Black,Barry Sonnenfeld,1997,sci-fi|comedy|summer,4.2
movie,Armageddon,Michael Bay,1998,sci-fi|action|summer,4.1
movie,Deep Impact,Mimi Leder,1998,sci-fi|drama|summer,4.0
movie,The Parent Trap,Nancy Meyers,1998,comedy|family|summer,4.2
movie,Mamma Mia!,Phyllida Lloyd,2008,musical|comedy|summer,4.1
movie,Mamma Mia! Here We Go Again,Ol Parker,2018,musical|comedy|summer,4.0
movie,The Sisterhood of the Traveling Pants,Ken Kwapis,2005,drama|romance|summer,4.0
movie,The Sisterhood of the Traveling Pants 2,Sanaa Hamri,2008,drama|romance|summer,3.9
movie,Dirty Dancing,Emile Ardolino,1987,drama|romance|summer,4.3
movie,Grease,Randal Kleiser,1978,musical|romance|summer,4.4
movie,The Notebook,Nick Cassavetes,2004,drama|romance|summer,4.4
movie,Call Me by Your Name,Luca Guadagnino,2017,drama|romance|summer,4.3
movie,The Way Way Back,Nat Faxon,2013,comedy|drama|summer,4.1
movie,Adventureland,Greg Mottola,2009,comedy|drama|summer,4.0
movie,The Kings of Summer,Jordan Vogt-Roberts,2013,comedy|drama|summer,4.0
movie,Moonrise Kingdom,Wes Anderson,2012,comedy|drama|summer,4.2
movie,The Grand Budapest Hotel,Wes Anderson,2014,comedy|adventure|summer,4.3
movie,The Secret Life of Walter Mitty,Ben Stiller,2013,adventure|comedy|summer,4.1
movie,Into the Wild,Sean Penn,2007,drama|adventure|summer,4.3
movie,Wild,Jean-Marc Vallée,2014,drama|adventure|summer,4.2
movie,127 Hours,Danny Boyle,2010,drama|adventure|summer,4.1
movie,The Beach,Danny Boyle,2000,drama|adventure|summer,4.0
movie,The Descendants,Alexander Payne,2011,drama|family|summer,4.2
movie,The Secret Garden,Agnieszka Holland,1993,drama|fantasy|summer,4.1
movie,A Little Princess,Alfonso Cuarón,1995,drama|fantasy|summer,4.2
movie,The Princess Diaries,Garry Marshall,2001,comedy|family|summer,4.1
movie,The Princess Diaries 2: Royal Engagement,Garry Marshall,2004,comedy|romance|summer,3.9
movie,Ella Enchanted,Tommy O'Haver,2004,fantasy|comedy|summer,4.0
movie,Enchanted,Kevin Lima,2007,fantasy|comedy|summer,4.2
movie,The Princess and the Frog,Ron Clements,2009,animation|musical|summer,4.1
movie,Tangled,Nathan Greno,2010,animation|musical|summer,4.3
movie,Brave,Mark Andrews,2012,animation|adventure|summer,4.2
movie,Frozen,Chris Buck,2013,animation|musical|summer,4.4
movie,Frozen II,Chris Buck,2019,animation|musical|summer,4.1
movie,Moana,Ron Clements,2016,animation|musical|summer,4.3
movie,Raya and the Last Dragon,Don Hall,2021,animation|adventure|summer,4.1
movie,Encanto,Jared Bush,2021,animation|musical|summer,4.3
movie,Turning Red,Domee Shi,2022,animation|comedy|summer,4.1
movie,Elemental,Peter Sohn,2023,animation|fantasy|summer,4.0
movie,Wish,Chris Buck,2023,animation|musical|summer,3.8
movie,Little Women,Greta Gerwig,2019,drama|historical|family,4.3
movie,Lady Bird,Greta Gerwig,2017,drama|coming-of-age|family,4.2
movie,Barbie,Greta Gerwig,2023,comedy|fantasy|feminism,4.1
movie,Frances Ha,Noah Baumbach,2012,comedy|drama|coming-of-age,4.0
movie,Mistress America,Noah Baumbach,2015,comedy|drama|family,3.9
movie,Lost in Translation,Sofia Coppola,2003,drama|romance|travel,4.3
movie,The Virgin Suicides,Sofia Coppola,1999,drama|coming-of-age|mystery,4.1
movie,Marie Antoinette,Sofia Coppola,2006,drama|historical|biography,4.0
movie,Somewhere,Sofia Coppola,2010,drama|family|hollywood,3.8
movie,The Bling Ring,Sofia Coppola,2013,crime|drama|teen,3.7
movie,The Beguiled,Sofia Coppola,2017,thriller|drama|historical,3.9
movie,On the Rocks,Sofia Coppola,2020,comedy|drama|family,3.8
movie,Priscilla,Sofia Coppola,2023,drama|biography|romance,4.0
movie,The Hurt Locker,Kathryn Bigelow,2008,war|drama|action,4.4
movie,Zero Dark Thirty,Kathryn Bigelow,2012,thriller|drama|war,4.2
movie,Point Break,Kathryn Bigelow,1991,action|thriller|crime,4.1
movie,Strange Days,Kathryn Bigelow,1995,sci-fi|thriller|crime,4.0
movie,Near Dark,Kathryn Bigelow,1987,horror|western|romance,3.9
movie,Blue Steel,Kathryn Bigelow,1990,thriller|crime|drama,3.8
movie,The Weight of Water,Kathryn Bigelow,2000,thriller|mystery|drama,3.7
movie,K-19: The Widowmaker,Kathryn Bigelow,2002,war|drama|historical,3.8
movie,Detroit,Kathryn Bigelow,2017,crime|drama|historical,4.0
movie,Frida,Julie Taymor,2002,drama|biography|art,4.2
movie,Across the Universe,Julie Taymor,2007,musical|drama|romance,4.0
movie,The Tempest,Julie Taymor,2010,fantasy|drama|shakespeare,3.8
movie,Gloria Bell,Sebastián Lelio,2018,drama|romance|comedy,4.1
movie,A Fantastic Woman,Sebastián Lelio,2017,drama|lgbtq|romance,4.3
movie,Disobedience,Sebastián Lelio,2017,drama|romance|lgbtq,4.0
movie,The Wonder,Sebastián Lelio,2022,drama|mystery|historical,3.9
movie,The Babadook,Jennifer Kent,2014,horror|drama|psychological,4.2
movie,The Nightingale,Jennifer Kent,2018,thriller|drama|historical,4.1
movie,Monster,Patty Jenkins,2003,crime|drama|biography,4.3
movie,Wonder Woman,Patty Jenkins,2017,action|adventure|superhero,4.2
movie,Wonder Woman 1984,Patty Jenkins,2020,action|adventure|superhero,3.8
movie,American Psycho,Mary Harron,2000,thriller|horror|psychological,4.1
movie,The Notorious Bettie Page,Mary Harron,2005,drama|biography|historical,3.9
movie,The Moth Diaries,Mary Harron,2011,horror|drama|psychological,3.7
movie,Charlie Says,Mary Harron,2018,drama|crime|biography,3.6
movie,The Piano,Jane Campion,1993,drama|romance|historical,4.4
movie,The Portrait of a Lady,Jane Campion,1996,drama|romance|historical,4.0
movie,Holy Smoke!,Jane Campion,1999,drama|romance|psychological,3.8
movie,In the Cut,Jane Campion,2003,thriller|drama|mystery,3.7
movie,Bright Star,Jane Campion,2009,drama|romance|biography,4.1
movie,The Power of the Dog,Jane Campion,2021,western|drama|psychological,4.3
movie,The Water Diary,Jane Campion,2006,short|drama|environmental,3.8
movie,The Party,Sally Potter,2017,comedy|drama|satire,4.0
movie,Orlando,Sally Potter,1992,fantasy|drama|historical,4.2
movie,The Tango Lesson,Sally Potter,1997,drama|romance|dance,3.9
movie,Yes,Sally Potter,2004,drama|romance|poetry,3.7
movie,Rage,Sally Potter,2009,drama|satire|fashion,3.6
movie,Ginger & Rosa,Sally Potter,2012,drama|coming-of-age|historical,3.8
movie,The Roads Not Taken,Sally Potter,2020,drama|family|medical,3.7
movie,Lost in La Mancha,Keith Fulton,2002,documentary|film|behind-the-scenes,4.1
movie,The Hours,Stephen Daldry,2002,drama|literary|feminism,4.3
movie,Billy Elliot,Stephen Daldry,2000,drama|dance|coming-of-age,4.2
movie,The Reader,Stephen Daldry,2008,drama|romance|historical,4.1
movie,Extremely Loud & Incredibly Close,Stephen Daldry,2011,drama|family|mystery,3.9
movie,Trash,Stephen Daldry,2014,drama|adventure|social,3.8
movie,The Crown,Various,2016,drama|historical|biography,4.4
movie,The Handmaid's Tale,Various,2017,drama|dystopian|feminism,4.5
movie,Big Little Lies,Various,2017,drama|mystery|feminism,4.3
movie,Killing Eve,Various,2018,thriller|drama|crime,4.2
movie,Fleabag,Various,2016,comedy|drama|feminism,4.4
movie,I May Destroy You,Michaela Coel,2020,drama|feminism|social,4.3
movie,Chewing Gum,Michaela Coel,2015,comedy|coming-of-age|feminism,4.1
movie,Normal People,Lenny Abrahamson,2020,drama|romance|coming-of-age,4.3
movie,Conversations with Friends,Lenny Abrahamson,2022,drama|romance|coming-of-age,4.0
movie,The Queen's Gambit,Scott Frank,2020,drama|sports|coming-of-age,4.4
movie,Unorthodox,Maria Schrader,2020,drama|feminism|religious,4.2
movie,The Undoing,Susanne Bier,2020,thriller|drama|mystery,4.1
movie,The Night Manager,Susanne Bier,2016,thriller|drama|espionage,4.2
movie,Bird Box,Susanne Bier,2018,horror|thriller|post-apocalyptic,4.0
movie,The Good Place,Michael Schur,2016,comedy|fantasy|philosophy,4.4
movie,Parks and Recreation,Various,2009,comedy|satire|government,4.3
movie,30 Rock,Tina Fey,2006,comedy|satire|television,4.2
movie,Unbreakable Kimmy Schmidt,Tina Fey,2015,comedy|satire|feminism,4.1
movie,Girls,Lena Dunham,2012,comedy|drama|feminism,4.0
movie,Camping,Lena Dunham,2018,comedy|drama|friendship,3.8
movie,Sharp Objects,Jean-Marc Vallée,2018,thriller|drama|mystery,4.2
movie,Gone Girl,David Fincher,2014,thriller|drama|mystery,4.3
movie,Wild,Jean-Marc Vallée,2014,drama|adventure|biography,4.2
movie,Dallas Buyers Club,Jean-Marc Vallée,2013,drama|biography|medical,4.3
movie,The Young Victoria,Jean-Marc Vallée,2009,drama|biography|historical,4.1
movie,Café de Flore,Jean-Marc Vallée,2011,drama|romance|fantasy,4.0
movie,Demolition,Jean-Marc Vallée,2015,drama|comedy|grief,3.9
movie,Big Little Lies,Jean-Marc Vallée,2017,drama|mystery|feminism,4.3
movie,Sharp Objects,Jean-Marc Vallée,2018,thriller|drama|mystery,4.2
movie,The Undoing,Susanne Bier,2020,thriller|drama|mystery,4.1
movie,The Night Manager,Susanne Bier,2016,thriller|drama|espionage,4.2
movie,Bird Box,Susanne Bier,2018,horror|thriller|post-apocalyptic,4.0
movie,The Good Place,Michael Schur,2016,comedy|fantasy|philosophy,4.4
movie,Parks and Recreation,Various,2009,comedy|satire|government,4.3
movie,30 Rock,Tina Fey,2006,comedy|satire|television,4.2
movie,Unbreakable Kimmy Schmidt,Tina Fey,2015,comedy|satire|feminism,4.1
movie,Girls,Lena Dunham,2012,comedy|drama|feminism,4.0
movie,Camping,Lena Dunham,2018,comedy|drama|friendship,3.8
movie,Sharp Objects,Jean-Marc Vallée,2018,thriller|drama|mystery,4.2
movie,Gone Girl,David Fincher,2014,thriller|drama|mystery,4.3
movie,Wild,Jean-Marc Vallée,2014,drama|adventure|biography,4.2
movie,Dallas Buyers Club,Jean-Marc Vallée,2013,drama|biography|medical,4.3
movie,The Young Victoria,Jean-Marc Vallée,2009,drama|biography|historical,4.1
movie,Café de Flore,Jean-Marc Vallée,2011,drama|romance|fantasy,4.0
movie,Demolition,Jean-Marc Vallée,2015,drama|comedy|grief,3.9
movie,Planet Earth,Alastair Fothergill,2006,documentary|nature|environmental,4.8
movie,Blue Planet,Alastair Fothergill,2001,documentary|nature|ocean,4.7
movie,Cosmos: A Spacetime Odyssey,Ann Druyan,2014,documentary|science|space,4.6
movie,The Last Dance,Jason Hehir,2020,documentary|sports|basketball,4.5
movie,Making a Murderer,Laura Ricciardi,2015,documentary|true crime|legal,4.4
movie,The Jinx,Andrew Jarecki,2015,documentary|true crime|mystery,4.3
movie,13th,Ava DuVernay,2016,documentary|social justice|race,4.5
movie,Won't You Be My Neighbor?,Morgan Neville,2018,documentary|biography|television,4.4
movie,Free Solo,Elizabeth Chai Vasarhelyi,2018,documentary|adventure|sports,4.6
movie,The Act of Killing,Joshua Oppenheimer,2012,documentary|history|war,4.3
movie,Citizenfour,Laura Poitras,2014,documentary|politics|technology,4.4
movie,Amy,Asif Kapadia,2015,documentary|biography|music,4.3
movie,Searching for Sugar Man,Malik Bendjelloul,2012,documentary|music|mystery,4.4
movie,Man on Wire,James Marsh,2008,documentary|adventure|art,4.5
movie,March of the Penguins,Luc Jacquet,2005,documentary|nature|family,4.2
movie,Inside Out,Pete Docter,2015,animation|educational|mental health,4.4
movie,The Theory of Everything,James Marsh,2014,drama|biography|science,4.2
movie,Hidden Figures,Theodore Melfi,2016,drama|history|science,4.3
movie,The Imitation Game,Morten Tyldum,2014,drama|biography|technology,4.2
movie,A Beautiful Mind,Ron Howard,2001,drama|biography|mental health,4.3
movie,Good Will Hunting,Gus Van Sant,1997,drama|mental health|education,4.4
movie,Dead Poets Society,Peter Weir,1989,drama|education|poetry,4.3
movie,Stand and Deliver,Ramón Menéndez,1988,drama|education|inspiration,4.2
movie,Freedom Writers,Richard LaGravenese,2007,drama|education|social justice,4.1
movie,The Ron Clark Story,Randa Haines,2006,drama|education|inspiration,4.0
movie,Parasite,Bong Joon-ho,2019,thriller|drama|social commentary,4.7
movie,Roma,Alfonso Cuarón,2018,drama|family|social commentary,4.5
movie,"Crouching Tiger, Hidden Dragon",Ang Lee,2000,fantasy|martial arts|romance,4.4
movie,Amélie,Jean-Pierre Jeunet,2001,comedy|romance|fantasy,4.5
movie,Life Is Beautiful,Roberto Benigni,1997,comedy|drama|war,4.6
movie,Cinema Paradiso,Giuseppe Tornatore,1988,drama|romance|nostalgia,4.5
movie,The Secret in Their Eyes,Juan José Campanella,2009,thriller|drama|mystery,4.4
movie,A Separation,Asghar Farhadi,2011,drama|family|social commentary,4.5
movie,The Hunt,Thomas Vinterberg,2012,drama|social commentary|justice,4.3
movie,The Lives of Others,Florian Henckel von Donnersmarck,2006,drama|historical|political,4.6
movie,Let the Right One In,Tomas Alfredson,2008,horror|drama|coming-of-age,4.4
movie,The White Ribbon,Michael Haneke,2009,drama|mystery|historical,4.3
movie,The Diving Bell and the Butterfly,Julian Schnabel,2007,drama|biography|medical,4.4
movie,The Motorcycle Diaries,Walter Salles,2004,drama|biography|travel,4.3
movie,Y Tu Mamá También,Alfonso Cuarón,2001,drama|coming-of-age|road trip,4.2
movie,Moonlight,Barry Jenkins,2016,drama|coming-of-age|lgbtq,4.5
movie,Lady Bird,Greta Gerwig,2017,comedy|drama|coming-of-age,4.3
movie,The Florida Project,Sean Baker,2017,drama|family|social commentary,4.2
movie,Beasts of the Southern Wild,Benh Zeitlin,2012,fantasy|drama|coming-of-age,4.1
movie,Fruitvale Station,Ryan Coogler,2013,drama|biography|social justice,4.2
movie,Short Term 12,Destin Daniel Cretton,2013,drama|social work|family,4.3
movie,The Spectacular Now,James Ponsoldt,2013,drama|romance|coming-of-age,4.1
movie,The Way Way Back,Nat Faxon,2013,comedy|drama|coming-of-age,4.0
movie,The Perks of Being a Wallflower,Stephen Chbosky,2012,drama|coming-of-age|mental health,4.2
movie,Mud,Jeff Nichols,2012,drama|adventure|coming-of-age,4.1
movie,Take Shelter,Jeff Nichols,2011,thriller|drama|psychological,4.0
movie,Winter's Bone,Debra Granik,2010,drama|mystery|family,4.2
movie,Frozen River,Courtney Hunt,2008,drama|crime|social commentary,4.1
movie,The Station Agent,Tom McCarthy,2003,comedy|drama|friendship,4.0
movie,The Squid and the Whale,Noah Baumbach,2005,comedy|drama|family,4.1
movie,Piper,Alan Barillaro,2016,animation|short|family,4.3
movie,Bao,Domee Shi,2018,animation|short|family,4.2
movie,Kitbull,Rosana Sullivan,2019,animation|short|friendship,4.4
movie,Float,Bobby Rubio,2019,animation|short|family,4.1
movie,Loop,Erica Milsom,2020,animation|short|friendship,4.0
movie,The Windshield Wiper,Alberto Mielgo,2021,animation|short|romance,4.2
movie,"The Boy, the Mole, the Fox and the Horse",Charlie Mackesy,2022,animation|short|friendship,4.3
movie,Ice Merchants,João Gonzalez,2022,animation|short|family,4.1
movie,The Flying Sailor,Wendy Tilby,2022,animation|short|surreal,4.0
movie,My Year of Dicks,Sara Gunnarsdóttir,2022,animation|short|coming-of-age,4.1
movie,Blade Runner,Ridley Scott,1982,sci-fi|noir|thriller,4.6
movie,Blade Runner 2049,Denis Villeneuve,2017,sci-fi|noir|thriller,4.4
movie,The Fifth Element,Luc Besson,1997,sci-fi|action|adventure,4.2
movie,Minority Report,Steven Spielberg,2002,sci-fi|thriller|crime,4.3
movie,Total Recall,Paul Verhoeven,1990,sci-fi|action|thriller,4.1
movie,RoboCop,Paul Verhoeven,1987,sci-fi|action|crime,4.2
movie,The Terminator,James Cameron,1984,sci-fi|action|thriller,4.4
movie,Terminator 2: Judgment Day,James Cameron,1991,sci-fi|action|thriller,4.6
movie,Aliens,James Cameron,1986,sci-fi|horror|action,4.5
movie,Predator,John McTiernan,1987,sci-fi|action|horror,4.3
movie,The Thing,John Carpenter,1982,sci-fi|horror|thriller,4.4
movie,They Live,John Carpenter,1988,sci-fi|horror|social commentary,4.1
movie,The Fly,David Cronenberg,1986,sci-fi|horror|body horror,4.3
movie,Videodrome,David Cronenberg,1983,sci-fi|horror|psychological,4.0
movie,Scanners,David Cronenberg,1981,sci-fi|horror|thriller,4.1
movie,The Shining,Stanley Kubrick,1980,horror|psychological|thriller,4.5
movie,The Exorcist,William Friedkin,1973,horror|supernatural|religious,4.4
movie,Halloween,John Carpenter,1978,horror|slasher|thriller,4.3
movie,A Nightmare on Elm Street,Wes Craven,1984,horror|supernatural|slasher,4.2
movie,Friday the 13th,Sean S. Cunningham,1980,horror|slasher|thriller,4.0
movie,The Texas Chain Saw Massacre,Tobe Hooper,1974,horror|slasher|thriller,4.1
movie,Carrie,Brian De Palma,1976,horror|supernatural|coming-of-age,4.2
movie,The Omen,Richard Donner,1976,horror|supernatural|religious,4.1
movie,Rosemary's Baby,Roman Polanski,1968,horror|psychological|thriller,4.3
movie,The Wicker Man,Robin Hardy,1973,horror|folk horror|mystery,4.2
movie,Don't Look Now,Nicolas Roeg,1973,horror|psychological|thriller,4.1
movie,Suspiria,Dario Argento,1977,horror|supernatural|giallo,4.2
movie,The Evil Dead,Sam Raimi,1981,horror|supernatural|comedy,4.1
movie,Evil Dead II,Sam Raimi,1987,horror|comedy|supernatural,4.2
movie,Army of Darkness,Sam Raimi,1992,horror|comedy|fantasy,4.0
movie,Re-Animator,Stuart Gordon,1985,horror|comedy|sci-fi,4.1
movie,From Beyond,Stuart Gordon,1986,horror|sci-fi|body horror,4.0
movie,Chinatown,Roman Polanski,1974,mystery|noir|crime,4.6
movie,The Maltese Falcon,John Huston,1941,mystery|noir|crime,4.5
movie,Double Indemnity,Billy Wilder,1944,mystery|noir|crime,4.5
movie,The Big Sleep,Howard Hawks,1946,mystery|noir|crime,4.4
movie,Laura,Otto Preminger,1944,mystery|noir|romance,4.3
movie,The Third Man,Carol Reed,1949,mystery|noir|thriller,4.5
movie,Touch of Evil,Orson Welles,1958,mystery|noir|crime,4.4
movie,The Long Goodbye,Robert Altman,1973,mystery|noir|crime,4.2
movie,The Big Lebowski,Joel Coen,1998,mystery|comedy|crime,4.3
movie,Brick,Rian Johnson,2005,mystery|noir|teen,4.1
movie,Kiss Kiss Bang Bang,Shane Black,2005,mystery|comedy|crime,4.2
movie,The Nice Guys,Shane Black,2016,mystery|comedy|crime,4.1
movie,Gone Baby Gone,Ben Affleck,2007,mystery|thriller|crime,4.2
movie,Mystic River,Clint Eastwood,2003,mystery|drama|crime,4.3
movie,Zodiac,David Fincher,2007,mystery|thriller|true crime,4.4
movie,Se7en,David Fincher,1995,mystery|thriller|crime,4.5
movie,The Silence of the Lambs,Jonathan Demme,1991,mystery|thriller|crime,4.6
movie,Red Dragon,Brett Ratner,2002,mystery|thriller|crime,4.1
movie,Hannibal,Ridley Scott,2001,mystery|thriller|crime,4.0
movie,"The Good, the Bad and the Ugly",Sergio Leone,1966,western|adventure|action,4.7
movie,Once Upon a Time in the West,Sergio Leone,1968,western|drama|revenge,4.6
movie,For a Few Dollars More,Sergio Leone,1965,western|action|revenge,4.4
movie,A Fistful of Dollars,Sergio Leone,1964,western|action|revenge,4.3
movie,High Noon,Fred Zinnemann,1952,western|drama|justice,4.5
movie,Shane,George Stevens,1953,western|drama|family,4.4
movie,The Searchers,John Ford,1956,western|drama|adventure,4.5
movie,Stagecoach,John Ford,1939,western|drama|adventure,4.3
movie,The Magnificent Seven,John Sturges,1960,western|action|adventure,4.2
movie,Butch Cassidy and the Sundance Kid,George Roy Hill,1969,western|adventure|comedy,4.4
movie,The Wild Bunch,Sam Peckinpah,1969,western|action|drama,4.3
movie,Unforgiven,Clint Eastwood,1992,western|drama|revenge,4.6
movie,Dances with Wolves,Kevin Costner,1990,western|drama|historical,4.3
movie,Tombstone,George P. Cosmatos,1993,western|action|historical,4.2
movie,Open Range,Kevin Costner,2003,western|drama|action,4.1
movie,3:10 to Yuma,James Mangold,2007,western|drama|action,4.2
movie,True Grit,Joel Coen,2010,western|drama|adventure,4.3
movie,Django Unchained,Quentin Tarantino,2012,western|action|revenge,4.4
movie,The Hateful Eight,Quentin Tarantino,2015,western|mystery|thriller,4.1
movie,The Revenant,Alejandro González Iñárritu,2015,western|drama|adventure,4.4
movie,Rocky,John G. Avildsen,1976,sports|drama|inspiration,4.5
movie,Rocky II,Sylvester Stallone,1979,sports|drama|revenge,4.2
movie,Rocky III,Sylvester Stallone,1982,sports|drama|friendship,4.1
movie,Rocky IV,Sylvester Stallone,1985,sports|drama|patriotism,4.0
movie,Raging Bull,Martin Scorsese,1980,sports|drama|biography,4.6
movie,Million Dollar Baby,Clint Eastwood,2004,sports|drama|family,4.4
movie,The Fighter,David O. Russell,2010,sports|drama|family,4.3
movie,Creed,Ryan Coogler,2015,sports|drama|family,4.2
movie,Creed II,Steven Caple Jr.,2018,sports|drama|revenge,4.1
movie,Creed III,Michael B. Jordan,2023,sports|drama|friendship,4.2
movie,The Natural,Barry Levinson,1984,sports|drama|mystery,4.2
movie,Field of Dreams,Phil Alden Robinson,1989,sports|drama|fantasy,4.3
movie,Bull Durham,Ron Shelton,1988,sports|comedy|romance,4.1
movie,A League of Their Own,Penny Marshall,1992,sports|comedy|historical,4.2
movie,Remember the Titans,Boaz Yakin,2000,sports|drama|historical,4.3
movie,Friday Night Lights,Peter Berg,2004,sports|drama|family,4.2
movie,The Blind Side,John Lee Hancock,2009,sports|drama|family,4.1
movie,Moneyball,Bennett Miller,2011,sports|drama|business,4.3
movie,42,Brian Helgeland,2013,sports|drama|historical,4.2
movie,Rush,Ron Howard,2013,sports|drama|biography,4.2
movie,Ford v Ferrari,James Mangold,2019,sports|drama|biography,4.3
movie,Mulholland Drive,David Lynch,2001,art house|mystery|surreal,4.4
movie,Eraserhead,David Lynch,1977,art house|horror|surreal,4.2
movie,Blue Velvet,David Lynch,1986,art house|mystery|noir,4.3
movie,Lost Highway,David Lynch,1997,art house|thriller|surreal,4.1
movie,Inland Empire,David Lynch,2006,art house|drama|surreal,4.0
movie,Persona,Ingmar Bergman,1966,art house|drama|psychological,4.5
movie,The Seventh Seal,Ingmar Bergman,1957,art house|drama|philosophical,4.4
movie,Wild Strawberries,Ingmar Bergman,1957,art house|drama|reflection,4.3
movie,Cries and Whispers,Ingmar Bergman,1972,art house|drama|family,4.2
movie,Fanny and Alexander,Ingmar Bergman,1982,art house|drama|family,4.4
movie,8½,Federico Fellini,1963,art house|drama|surreal,4.5
movie,La Dolce Vita,Federico Fellini,1960,art house|drama|social commentary,4.4
movie,Nights of Cabiria,Federico Fellini,1957,art house|drama|romance,4.3
movie,La Strada,Federico Fellini,1954,art house|drama|romance,4.2
movie,The 400 Blows,François Truffaut,1959,art house|drama|coming-of-age,4.4
movie,Jules and Jim,François Truffaut,1962,art house|drama|romance,4.3
movie,Breathless,Jean-Luc Godard,1960,art house|crime|romance,4.4
movie,Contempt,Jean-Luc Godard,1963,art house|drama|romance,4.2
movie,Pierrot le Fou,Jean-Luc Godard,1965,art house|crime|romance,4.1
movie,Weekend,Jean-Luc Godard,1967,art house|drama|surreal,4.0
movie,Oldboy,Park Chan-wook,2003,foreign|thriller|revenge,4.5
movie,The Handmaiden,Park Chan-wook,2016,foreign|thriller|romance,4.4
movie,Memories of Murder,Bong Joon-ho,2003,foreign|crime|drama,4.3
movie,The Host,Bong Joon-ho,2006,foreign|horror|family,4.2
movie,Train to Busan,Yeon Sang-ho,2016,foreign|horror|action,4.3
movie,The Wailing,Na Hong-jin,2016,foreign|horror|mystery,4.2
movie,Burning,Lee Chang-dong,2018,foreign|mystery|drama,4.3
movie,The Tale of the Princess Kaguya,Isao Takahata,2013,foreign|animation|fantasy,4.4
movie,Grave of the Fireflies,Isao Takahata,1988,foreign|animation|drama,4.5
movie,Spirited Away,Hayao Miyazaki,2001,foreign|animation|fantasy,4.6
movie,My Neighbor Totoro,Hayao Miyazaki,1988,foreign|animation|family,4.5
movie,Princess Mononoke,Hayao Miyazaki,1997,foreign|animation|fantasy,4.4
movie,Howl's Moving Castle,Hayao Miyazaki,2004,foreign|animation|fantasy,4.3
movie,Castle in the Sky,Hayao Miyazaki,1986,foreign|animation|adventure,4.2
movie,Kiki's Delivery Service,Hayao Miyazaki,1989,foreign|animation|fantasy,4.3
movie,Nausicaä of the Valley of the Wind,Hayao Miyazaki,1984,foreign|animation|sci-fi,4.2
movie,The Wind Rises,Hayao Miyazaki,2013,foreign|animation|biography,4.1
movie,Akira,Katsuhiro Otomo,1988,foreign|animation|sci-fi,4.4
movie,Ghost in the Shell,Mamoru Oshii,1995,foreign|animation|sci-fi,4.3
movie,Perfect Blue,Satoshi Kon,1997,foreign|animation|thriller,4.2
movie,Paprika,Satoshi Kon,2006,foreign|animation|sci-fi,4.1
movie,Meshes of the Afternoon,Maya Deren,1943,experimental|short|surreal,4.2
movie,Un Chien Andalou,Luis Buñuel,1929,experimental|short|surreal,4.1
movie,L'Age d'Or,Luis Buñuel,1930,experimental|drama|surreal,4.0
movie,The Man with a Movie Camera,Dziga Vertov,1929,experimental|documentary|silent,4.3
movie,Battleship Potemkin,Sergei Eisenstein,1925,experimental|drama|historical,4.4
movie,Strike,Sergei Eisenstein,1925,experimental|drama|historical,4.2
movie,Ivan the Terrible,Sergei Eisenstein,1944,experimental|drama|historical,4.1
movie,Metropolis,Fritz Lang,1927,experimental|sci-fi|silent,4.3
movie,M,Fritz Lang,1931,experimental|crime|thriller,4.4
movie,The Cabinet of Dr. Caligari,Robert Wiene,1920,experimental|horror|silent,4.2
movie,Nosferatu,F.W. Murnau,1922,experimental|horror|silent,4.3
movie,Sunrise: A Song of Two Humans,F.W. Murnau,1927,experimental|drama|romance,4.4
movie,The Passion of Joan of Arc,Carl Theodor Dreyer,1928,experimental|drama|historical,4.5
movie,Vampyr,Carl Theodor Dreyer,1932,experimental|horror|supernatural,4.1
movie,Ordet,Carl Theodor Dreyer,1955,experimental|drama|religious,4.2
movie,Gertrud,Carl Theodor Dreyer,1964,experimental|drama|romance,4.0
movie,The Civil War,Ken Burns,1990,documentary|history|educational,4.7
movie,Baseball,Ken Burns,1994,documentary|sports|history,4.5
movie,Jazz,Ken Burns,2001,documentary|music|history,4.4
movie,The War,Ken Burns,2007,documentary|history|war,4.6
movie,The National Parks,Ken Burns,2009,documentary|nature|history,4.3
movie,The Vietnam War,Ken Burns,2017,documentary|history|war,4.5
movie,Country Music,Ken Burns,2019,documentary|music|history,4.2
movie,The Roosevelts,Ken Burns,2014,documentary|biography|history,4.4
movie,The Dust Bowl,Ken Burns,2012,documentary|history|environmental,4.3
movie,Prohibition,Ken Burns,2011,documentary|history|social,4.2
movie,The Central Park Five,Ken Burns,2012,documentary|crime|social justice,4.3
movie,Cancer: The Emperor of All Maladies,Barak Goodman,2015,documentary|medical|science,4.4
movie,The Gene,Ken Burns,2020,documentary|science|medical,4.2
movie,The Address,Ken Burns,2014,documentary|education|history,4.1
movie,Defying the Nazis,Ken Burns,2016,documentary|history|war,4.3
movie,The Mayo Clinic,Ken Burns,2018,documentary|medical|history,4.2
movie,Hemingway,Ken Burns,2021,documentary|biography|literature,4.3
movie,Benjamin Franklin,Ken Burns,2022,documentary|biography|history,4.2
movie,The U.S. and the Holocaust,Ken Burns,2022,documentary|history|war,4.4
movie,The American Buffalo,Ken Burns,2023,documentary|nature|history,4.1
movie,Akira,Katsuhiro Otomo,1988,anime|sci-fi|cyberpunk,4.4
movie,Ghost in the Shell,Mamoru Oshii,1995,anime|sci-fi|cyberpunk,4.3
movie,Perfect Blue,Satoshi Kon,1997,anime|thriller|psychological,4.2
movie,Paprika,Satoshi Kon,2006,anime|sci-fi|surreal,4.1
movie,Tokyo Godfathers,Satoshi Kon,2003,anime|comedy|drama,4.0
movie,Millennium Actress,Satoshi Kon,2001,anime|drama|biography,4.1
movie,Your Name,Makoto Shinkai,2016,anime|romance|fantasy,4.5
movie,Weathering with You,Makoto Shinkai,2019,anime|romance|fantasy,4.3
movie,5 Centimeters Per Second,Makoto Shinkai,2007,anime|romance|drama,4.2
movie,The Garden of Words,Makoto Shinkai,2013,anime|romance|drama,4.1
movie,A Silent Voice,Naoko Yamada,2016,anime|drama|coming-of-age,4.4
movie,Liz and the Blue Bird,Naoko Yamada,2018,anime|drama|music,4.0
movie,Wolf Children,Mamoru Hosoda,2012,anime|drama|fantasy,4.3
movie,The Boy and the Beast,Mamoru Hosoda,2015,anime|fantasy|adventure,4.1
movie,Mirai,Mamoru Hosoda,2018,anime|fantasy|family,4.0
movie,Belle,Mamoru Hosoda,2021,anime|sci-fi|romance,4.2
movie,Redline,Takeshi Koike,2009,anime|sci-fi|action,4.1
movie,Tekkonkinkreet,Michael Arias,2006,anime|crime|drama,4.0
movie,Mind Game,Masaaki Yuasa,2004,anime|comedy|surreal,4.1
movie,"The Night is Short, Walk on Girl",Masaaki Yuasa,2017,anime|comedy|romance,4.2
movie,Lu Over the Wall,Masaaki Yuasa,2017,anime|fantasy|music,4.0
movie,Ride Your Wave,Masaaki Yuasa,2019,anime|romance|fantasy,4.1
movie,In This Corner of the World,Sunao Katabuchi,2016,anime|drama|historical,4.3
movie,Maquia: When the Promised Flower Blooms,Mari Okada,2018,anime|fantasy|drama,4.1
movie,Fireworks,Nobuyuki Takeuchi,2017,anime|romance|fantasy,4.0
movie,The Anthem of the Heart,Tatsuyuki Nagai,2015,anime|drama|music,4.1
movie,Colorful,Keiichi Hara,2010,anime|drama|fantasy,4.0
movie,Summer Wars,Mamoru Hosoda,2009,anime|sci-fi|family,4.2
movie,The Girl Who Leapt Through Time,Mamoru Hosoda,2006,anime|sci-fi|romance,4.3